Date,SPY,QQQ,NVDA,JPM,TLT,GLD
2021-01-04,341.5887145996094,299.1443176269531,13.0462007522583,108.45940399169922,130.1730194091797,182.3300018310547
2021-01-05,343.9413146972656,301.61053466796875,13.335952758789062,109.04957580566406,129.20631408691406,182.8699951171875
2021-01-06,345.99755859375,297.4324951171875,12.549759864807129,114.17009735107422,126.55393981933594,179.89999389648438
2021-01-07,351.1383056640625,304.6279602050781,13.275514602661133,117.9193344116211,125.4384536743164,179.47999572753906
2021-01-08,353.138916015625,308.544921875,13.208608627319336,118.04954528808594,125.0335464477539,173.33999633789062
2021-01-11,350.75848388671875,304.08636474609375,13.551589965820312,119.81134796142578,124.82691192626953,173.0
2021-01-12,350.8326110839844,303.602783203125,13.415539741516113,121.69467163085938,124.72785949707031,174.1199951171875
2021-01-13,351.7774353027344,305.6531677246094,13.462301254272461,121.80750274658203,126.13248443603516,173.3699951171875
2021-01-14,350.5454406738281,304.0186462402344,13.132502555847168,122.51915740966797,124.95098876953125,173.27999877929688
2021-01-15,347.9889831542969,301.61053466796875,12.793501853942871,120.3233871459961,125.44667053222656,171.1300048828125
2021-01-19,350.721435546875,306.01104736328125,12.958398818969727,119.80268096923828,125.85157012939453,172.5800018310547
2021-01-20,355.574951171875,313.1290283203125,13.297152519226074,118.00613403320312,125.97550964355469,175.38999938964844
2021-01-21,355.8991394042969,315.6339111328125,13.796327590942383,117.0167465209961,125.09137725830078,175.27999877929688
2021-01-22,354.6394958496094,314.7248840332031,13.642122268676758,116.11414337158203,125.49628448486328,173.89999389648438
2021-01-25,356.0381164550781,317.32635498046875,13.583176612854004,114.66477966308594,126.97526550292969,174.0500030517578
2021-01-26,355.4822998046875,317.7906799316406,13.36629581451416,114.19613647460938,126.73566436767578,173.6199951171875
2021-01-27,346.79425048828125,308.9316711425781,12.85145378112793,110.96759796142578,127.05790710449219,172.52000427246094
2021-01-28,349.7767333984375,310.75958251953125,12.984018325805664,112.92036437988281,126.35557556152344,172.67999267578125
2021-01-29,342.7742614746094,304.2217712402344,12.923083305358887,111.67059326171875,125.59537506103516,172.61000061035156
2021-02-01,348.47991943359375,311.823486328125,13.169066429138184,112.49507904052734,125.74093627929688,174.22999572753906
2021-02-02,353.4075622558594,316.91058349609375,13.487174034118652,115.95795440673828,124.93038177490234,172.11000061035156
2021-02-03,353.6853942871094,315.6532287597656,13.461055755615234,117.28582000732422,123.82181549072266,171.85000610351562
2021-02-04,357.705322265625,319.3864440917969,13.59411907196045,119.98494720458984,123.49088287353516,168.14999389648438
2021-02-05,359.1131896972656,320.46966552734375,13.521247863769531,119.75059509277344,122.45686340332031,169.80999755859375
2021-02-08,361.70672607421875,322.6166687011719,14.364645004272461,121.6252212524414,122.99459838867188,171.52000427246094
2021-02-09,361.46588134765625,322.54901123046875,14.190045356750488,121.13920593261719,123.08554077148438,172.0800018310547
2021-02-10,361.3083801269531,321.8139343261719,14.688475608825684,121.2086410522461,123.90451049804688,172.7100067138672
2021-02-11,361.8918762207031,323.58380126953125,15.172479629516602,120.87014770507812,123.22621154785156,171.2100067138672
2021-02-12,363.6795349121094,325.39239501953125,14.884466171264648,122.58856201171875,121.69580841064453,170.69000244140625
2021-02-16,363.36468505859375,324.5122985839844,15.251569747924805,125.53936767578125,119.84272766113281,168.24000549316406
2021-02-17,363.447998046875,322.9551696777344,14.829499244689941,125.9299545288086,120.60382843017578,166.3300018310547
2021-02-18,361.9011535644531,321.5431823730469,14.752894401550293,126.35520935058594,120.11568450927734,166.32000732421875
2021-02-19,361.2620849609375,320.1408386230469,14.849894523620605,128.4641571044922,118.51921081542969,167.00999450683594
2021-02-22,358.4833068847656,311.84283447265625,14.282072067260742,129.67050170898438,117.61746215820312,169.50999450683594
2021-02-23,358.91864013671875,310.9144287109375,14.069417953491211,130.7119903564453,117.27832794189453,169.1199951171875
2021-02-24,362.87371826171875,313.4773254394531,14.42458724975586,133.0118865966797,116.50897216796875,169.0
2021-02-25,354.12994384765625,302.54864501953125,13.239202499389648,131.20664978027344,114.60631561279297,165.82000732421875
2021-02-26,352.3052978515625,303.81561279296875,13.644115447998047,127.7264404296875,118.39513397216797,161.80999755859375
2021-03-01,360.84527587890625,312.95501708984375,13.770709037780762,130.61651611328125,116.83135986328125,161.52999877929688
2021-03-02,358.02947998046875,307.9355773925781,13.337444305419922,130.1912078857422,116.8396987915039,162.41000366210938
2021-03-03,353.2871398925781,298.9992370605469,12.739032745361328,132.70811462402344,115.57245635986328,160.6199951171875
2021-03-04,348.9153137207031,294.1054992675781,12.30675983428955,130.66854858398438,114.82704162597656,159.0399932861328
2021-03-05,355.3341064453125,298.53497314453125,12.397543907165527,130.97232055664062,115.05061340332031,159.13999938964844
2021-03-08,353.5650329589844,290.082275390625,11.533748626708984,132.70811462402344,114.15616607666016,157.49000549316406
2021-03-09,358.6130065917969,301.5234680175781,12.460290908813477,131.77076721191406,115.73809814453125,160.83999633789062
2021-03-10,360.84527587890625,300.6626892089844,12.40854263305664,134.63482666015625,115.9699935913086,161.66000366210938
2021-03-11,364.5038757324219,307.58734130859375,12.9312744140625,133.9318084716797,115.13345336914062,161.52000427246094
2021-03-12,364.994873046875,305.0921630859375,12.79443359375,135.52000427246094,112.69017028808594,161.49000549316406
2021-03-15,367.1715393066406,308.3514709472656,13.12807846069336,134.84310913085938,113.35277557373047,162.1999969482422
2021-03-16,366.7083435058594,310.0439147949219,13.22760009765625,133.22882080078125,112.89726257324219,162.35000610351562
2021-03-17,367.9588623046875,311.3205261230469,13.277362823486328,134.6000518798828,112.05243682861328,163.50999450683594
2021-03-18,362.6051940917969,301.7845458984375,12.66157341003418,136.8218536376953,110.9177017211914,162.55999755859375
2021-03-19,361.9342041015625,302.84844970703125,12.784232139587402,134.64349365234375,111.60523986816406,163.24000549316406
2021-03-22,364.8242492675781,308.5278625488281,13.123101234436035,131.02439880371094,112.8558349609375,163.0
2021-03-23,361.9527282714844,307.1817932128906,13.00815486907959,129.7139129638672,113.87456512451172,161.80999755859375
2021-03-24,360.1127624511719,302.00103759765625,12.582453727722168,130.72067260742188,114.48744201660156,162.3699951171875
2021-03-25,362.138671875,301.4781494140625,12.475217819213867,132.39566040039062,113.58467864990234,161.77999877929688
2021-03-26,367.9745178222656,306.00048828125,12.777762413024902,134.6000518798828,113.18709564208984,162.24000549316406
2021-03-29,367.7886047363281,305.91326904296875,12.886239051818848,132.5084686279297,112.2263412475586,160.30999755859375
2021-03-30,366.8128967285156,304.37359619140625,12.810108184814453,134.0706787109375,112.81441497802734,157.57000732421875
2021-03-31,368.2996826171875,309.0313720703125,13.284330368041992,132.1179656982422,112.18498229980469,159.9600067138672
2021-04-01,372.2770080566406,314.2991943359375,13.745607376098633,133.4024200439453,114.04691314697266,161.97999572753906
2021-04-05,377.620361328125,320.5741271972656,13.920517921447754,134.10955810546875,113.54927062988281,161.9199981689453
2021-04-06,377.3973388671875,320.3515625,13.795117378234863,133.16665649414062,114.32061767578125,163.22000122070312
2021-04-07,377.8341369628906,321.1260986328125,14.07576847076416,135.253173828125,113.5244140625,162.75999450683594
2021-04-08,379.6275634765625,324.4766845703125,14.248437881469727,135.4190216064453,114.46157836914062,164.50999450683594
2021-04-09,382.3875427246094,326.4424133300781,14.331043243408203,136.4317169189453,114.04691314697266,163.27000427246094
2021-04-12,382.5269775390625,326.01641845703125,15.1361665725708,136.14361572265625,113.99713134765625,162.27999877929688
2021-04-13,383.6606750488281,329.8219909667969,15.604413032531738,134.51983642578125,114.85139465332031,163.42999267578125
2021-04-14,382.35040283203125,325.861328125,15.203838348388672,132.00558471679688,114.48650360107422,162.72000122070312
2021-04-15,386.4577331542969,330.8000183105469,16.05997085571289,132.8436737060547,116.40237426757812,165.35000610351562
2021-04-16,387.7494201660156,331.1873474121094,15.836295127868652,133.83018493652344,115.4983139038086,166.35000610351562
2021-04-19,385.8443603515625,328.156494140625,15.28818416595459,133.26271057128906,115.16650390625,165.88999938964844
2021-04-20,383.01947021484375,325.76458740234375,15.098596572875977,130.31201171875,115.69739532470703,166.47999572753906
2021-04-21,386.64361572265625,328.5534973144531,15.286940574645996,131.4207305908203,115.92961120605469,168.1300048828125
2021-04-22,383.11236572265625,324.59283447265625,14.779131889343262,128.6533203125,116.43548583984375,167.0399932861328
2021-04-23,387.2662658691406,328.6793518066406,15.192146301269531,131.11517333984375,116.16182708740234,166.39999389648438
2021-04-26,388.0746154785156,330.8194580078125,15.403877258300781,131.4381866455078,115.99594116210938,166.83999633789062
2021-04-27,387.9911193847656,329.3862609863281,15.308091163635254,132.04051208496094,114.9841079711914,166.4199981689453
2021-04-28,387.8795471191406,328.2725830078125,15.203588485717773,132.8960723876953,115.05874633789062,166.91000366210938
2021-04-29,390.3514709472656,329.4541015625,15.251359939575195,135.48013305664062,114.71871185302734,166.22000122070312
2021-04-30,387.7865905761719,327.2946472167969,14.937621116638184,134.27542114257812,114.9841079711914,165.66000366210938
2021-05-03,388.623046875,325.551513671875,14.765698432922363,133.8825225830078,115.05300903320312,167.80999755859375
2021-05-04,386.2254333496094,319.6929931640625,14.282522201538086,135.73329162597656,115.83382415771484,166.5800018310547
2021-05-05,386.3462219238281,318.6181335449219,14.38925838470459,137.5142364501953,116.02481079101562,167.27000427246094
2021-05-06,389.4314880371094,321.0196838378906,14.453452110290527,140.28163146972656,116.21585845947266,170.05999755859375
2021-05-07,392.26568603515625,323.6244812011719,14.741316795349121,140.7617645263672,115.64274597167969,171.58999633789062
2021-05-10,388.38134765625,315.45159912109375,14.197432518005371,140.74429321289062,114.47163391113281,172.11000061035156
2021-05-11,384.9151611328125,315.01580810546875,14.237739562988281,138.40467834472656,113.82373046875,172.13999938964844
2021-05-12,376.7375183105469,306.8622741699219,13.692610740661621,137.45309448242188,112.62772369384766,170.42999267578125
2021-05-13,381.26318359375,309.2347412109375,13.599808692932129,140.98870849609375,112.8021469116211,171.1300048828125
2021-05-14,387.1175842285156,316.0617370605469,14.174790382385254,143.17991638183594,113.85694122314453,172.69000244140625
2021-05-17,386.1325378417969,314.1443176269531,14.097663879394531,143.75611877441406,113.61609649658203,174.6999969482422
2021-05-18,382.8056335449219,312.0235900878906,13.948630332946777,141.73077392578125,113.32540893554688,175.0399932861328
2021-05-19,381.80206298828125,312.3819274902344,13.998390197753906,140.64828491210938,113.0512924194336,175.16000366210938
2021-05-20,385.90948486328125,318.4244079589844,14.542523384094238,140.40386962890625,113.98155975341797,175.9600067138672
2021-05-21,385.59356689453125,316.6620178222656,14.919957160949707,142.00144958496094,114.34701538085938,176.0399932861328
2021-05-24,389.52435302734375,321.98797607421875,15.537236213684082,142.76963806152344,114.77064514160156,176.35000610351562
2021-05-25,388.6601867675781,322.4335021972656,15.572813034057617,141.29429626464844,115.83382415771484,177.9499969482422
2021-05-26,389.4314880371094,323.5566711425781,15.624815940856934,141.2768096923828,115.6344223022461,177.63999938964844
2021-05-27,389.6358947753906,322.3462829589844,15.413830757141113,143.47679138183594,115.16934204101562,177.7100067138672
2021-05-28,390.33282470703125,323.3630676269531,16.166706085205078,143.38075256347656,114.98661804199219,178.3800048828125
2021-06-01,389.9889831542969,322.28814697265625,16.186613082885742,144.96090698242188,114.9607925415039,177.89999389648438
2021-06-02,390.60223388671875,322.9176025390625,16.69790267944336,144.96961975097656,115.22698211669922,178.77000427246094
2021-06-03,389.1527099609375,319.5574645996094,16.88848304748535,145.06565856933594,114.79441833496094,175.27000427246094
2021-06-04,392.7117919921875,324.98028564453125,17.494070053100586,145.3013458251953,116.36651611328125,177.16000366210938
2021-06-07,392.33087158203125,325.9485778808594,17.534626007080078,144.62037658691406,116.0087661743164,177.8699951171875
2021-06-08,392.4144592285156,326.103515625,17.373403549194336,144.04421997070312,116.82401275634766,177.32000732421875
2021-06-09,391.8289489746094,326.18096923828125,17.27907943725586,142.24588012695312,117.85542297363281,176.97999572753906
2021-06-10,393.6502685546875,329.5799255371094,17.345529556274414,140.0284423828125,118.56244659423828,177.74000549316406
2021-06-11,394.3008728027344,330.4418029785156,17.74394989013672,139.9324188232422,118.37109375,175.74000549316406
2021-06-14,395.1836853027344,333.6082763671875,17.93657112121582,137.55784606933594,117.46448516845703,174.7100067138672
2021-06-15,394.4588317871094,331.42950439453125,17.707368850708008,135.4713897705078,117.32305908203125,174.0500030517578
2021-06-16,392.2563171386719,330.2190246582031,17.729021072387695,136.42298889160156,117.22325134277344,171.11000061035156
2021-06-17,392.1263732910156,334.41204833984375,18.572154998779297,132.48577880859375,118.97833251953125,165.85000610351562
2021-06-18,386.8364562988281,331.78778076171875,18.55374526977539,129.13343811035156,121.21585083007812,164.92999267578125
2021-06-21,392.3743591308594,333.84979248046875,18.34320831298828,131.32464599609375,119.18627166748047,166.9499969482422
2021-06-22,394.4720458984375,336.9618225097656,18.800607681274414,131.1326446533203,119.47734832763672,166.25
2021-06-23,393.99658203125,337.126708984375,18.970333099365234,131.92703247070312,119.16963195800781,166.13999938964844
2021-06-24,396.3273620605469,339.21099853515625,19.117908477783203,133.14053344726562,119.36095428466797,166.0399932861328
2021-06-25,397.73516845703125,338.7941589355469,18.944202423095703,134.48492431640625,118.12158203125,166.58999633789062
2021-06-28,398.5368957519531,342.9145202636719,19.893848419189453,134.72938537597656,119.33600616455078,166.5800018310547
2021-06-29,398.7514343261719,344.15533447265625,19.935409545898438,134.56350708007812,119.53559875488281,164.8300018310547
2021-06-30,399.0870361328125,343.6124267578125,19.911273956298828,135.7856903076172,120.06796264648438,165.6300048828125
2021-07-01,401.2966003417969,343.7481994628906,20.119815826416016,137.1300811767578,120.07467651367188,166.1999969482422
2021-07-02,404.3639221191406,347.69403076171875,20.393556594848633,136.9983673095703,120.7991943359375,167.2899932861328
2021-07-06,403.6274108886719,349.19671630859375,20.60409927368164,134.69796752929688,122.21514892578125,168.1199951171875
2021-07-07,405.0538024902344,349.9335021972656,20.278839111328125,134.8560028076172,123.2978515625,168.75999450683594
2021-07-08,401.7534484863281,347.8199768066406,19.811975479125977,132.52923583984375,123.78092193603516,168.64999389648438
2021-07-09,406.04205322265625,349.99169921875,19.958803176879883,136.77011108398438,122.0401840209961,169.2100067138672
2021-07-12,407.4964294433594,351.3586120605469,20.4189453125,138.7281036376953,121.88194274902344,169.0
2021-07-13,406.1073303222656,351.3586120605469,20.15764617919922,136.66470336914062,120.9490737915039,169.22000122070312
2021-07-14,406.7133483886719,351.9888000488281,19.751007080078125,136.1993865966797,122.32329559326172,171.0399932861328
2021-07-15,405.3241882324219,349.51654052734375,18.87974739074707,136.49794006347656,123.67262268066406,171.07000732421875
2021-07-16,402.1450500488281,346.6856689453125,18.078170776367188,133.38092041015625,123.43936920166016,169.41000366210938
2021-07-19,396.2061767578125,343.84515380859375,18.694101333618164,129.04345703125,126.14622497558594,169.61000061035156
2021-07-20,401.88397216796875,347.8393859863281,18.52711296081543,131.4492645263672,124.93021392822266,169.38999938964844
2021-07-21,405.1378173828125,350.5248718261719,19.32147216796875,134.21505737304688,123.3478012084961,168.75999450683594
2021-07-22,405.98614501953125,352.8419494628906,19.504640579223633,132.5204620361328,124.51375579833984,169.08999633789062
2021-07-23,410.1629333496094,356.96221923828125,19.468799591064453,132.26580810546875,123.6808853149414,168.55999755859375
2021-07-26,411.1698913574219,357.24334716796875,19.20600700378418,133.15264892578125,123.31449127197266,168.16000366210938
2021-07-27,409.2959289550781,353.3072509765625,19.120393753051758,132.97705078125,124.63034057617188,168.44000244140625
2021-07-28,409.1280517578125,354.6645202636719,19.41404914855957,133.196533203125,124.63872528076172,169.2899932861328
2021-07-29,410.8248596191406,355.29473876953125,19.572330474853516,134.3379669189453,123.94741821289062,171.1699981689453
2021-07-30,408.8296813964844,353.4430847167969,19.410064697265625,133.2667999267578,124.5304946899414,169.82000732421875
2021-08-02,407.97198486328125,353.4720153808594,19.65992546081543,132.73121643066406,125.64115905761719,169.61000061035156
2021-08-03,411.29107666015625,355.61456298828125,19.724624633789062,134.24136352539062,125.70791625976562,169.49000549316406
2021-08-04,409.2678527832031,356.1283874511719,20.181533813476562,132.7926483154297,125.96642303466797,169.52999877929688
2021-08-05,411.8597106933594,358.3873596191406,20.54287338256836,134.46966552734375,125.32431030273438,168.86000061035156
2021-08-06,412.5402526855469,356.8167419433594,20.27311134338379,138.2890625,123.23121643066406,164.63999938964844
2021-08-09,412.2046813964844,357.47607421875,20.202442169189453,138.13983154296875,122.78931427001953,161.72000122070312
2021-08-10,412.71746826171875,355.6437072753906,19.845075607299805,139.8344268798828,122.22225952148438,161.77000427246094
2021-08-11,413.7430419921875,355.0329284667969,19.609153747558594,141.5026397705078,122.14714813232422,164.0
2021-08-12,414.9829406738281,356.31268310546875,19.814220428466797,142.05584716796875,121.94710540771484,164.0399932861328
2021-08-13,415.7381896972656,357.5632629394531,20.09592628479004,140.4666290283203,123.87340545654297,166.38999938964844
2021-08-16,416.7171630859375,357.7183532714844,19.8590087890625,139.54466247558594,124.17357635498047,167.22000122070312
2021-08-17,413.9853820800781,354.5676574707031,19.3692569732666,137.8588104248047,124.12350463867188,166.97000122070312
2021-08-18,409.454345703125,351.1550598144531,18.953161239624023,136.603271484375,124.54047393798828,167.10000610351562
2021-08-19,410.08837890625,352.8515930175781,19.70770835876465,135.4618377685547,125.45773315429688,166.61000061035156
2021-08-20,413.3514099121094,356.5065612792969,20.721059799194336,135.8481903076172,125.54114532470703,166.6999969482422
2021-08-23,416.987548828125,361.8387145996094,21.85785675048828,137.586669921875,125.45773315429688,168.72999572753906
2021-08-24,417.6494140625,362.94384765625,21.693607330322266,138.43836975097656,124.4820556640625,168.64999389648438
2021-08-25,418.52587890625,363.3607177734375,22.1116943359375,141.29193115234375,123.44807434082031,167.47999572753906
2021-08-26,416.05523681640625,361.05340576171875,21.967348098754883,142.02066040039062,123.79000091552734,167.6699981689453
2021-08-27,419.77508544921875,364.5628967285156,22.532758712768555,143.1621551513672,124.63223266601562,170.19000244140625
2021-08-30,421.62109375,368.6540832519531,22.58452796936035,140.8705291748047,124.95744323730469,169.35000610351562
2021-08-31,420.9963684082031,368.35357666015625,22.28683853149414,140.44027709960938,124.10684204101562,169.69000244140625
2021-09-01,421.2201843261719,368.9643249511719,22.342588424682617,140.23829650878906,124.3147201538086,169.6999969482422
2021-09-02,422.5161437988281,368.78985595703125,22.297788619995117,140.88803100585938,124.85746765136719,169.25
2021-09-03,422.41351318359375,369.9241638183594,22.74283218383789,140.036376953125,123.72187805175781,171.05999755859375
2021-09-07,420.9031677246094,370.4476623535156,22.562620162963867,139.79054260253906,122.67825317382812,167.7100067138672
2021-09-08,420.3903503417969,369.1582946777344,22.241039276123047,139.16709899902344,123.51319122314453,167.2899932861328
2021-09-09,418.59100341796875,367.8882141113281,22.079748153686523,139.77294921875,125.00776672363281,168.02999877929688
2021-09-10,415.2906494140625,365.0961608886719,22.379426956176758,138.16619873046875,123.90564727783203,167.17999267578125
2021-09-13,416.3534851074219,364.8440246582031,22.05485725402832,140.36122131347656,124.6570816040039,167.74000549316406
2021-09-14,414.1065979003906,363.8067626953125,22.14446449279785,137.91156005859375,126.16832733154297,168.82000732421875
2021-09-15,417.5655517578125,366.5115661621094,22.243030548095703,138.8685760498047,125.72575378417969,167.8300018310547
2021-09-16,416.90362548828125,366.7635498046875,22.14446449279785,138.80711364746094,125.1496810913086,164.02999877929688
2021-09-17,412.84246826171875,362.4203796386719,21.803964614868164,138.4471435546875,124.54853820800781,163.77000427246094
2021-09-20,405.9586181640625,354.9316101074219,21.02041244506836,134.30284118652344,126.09314727783203,164.94000244140625
2021-09-21,405.5751037597656,355.3683776855469,21.152830123901367,134.32040405273438,125.98465728759766,166.0399932861328
2021-09-22,409.531494140625,358.6875915527344,21.84478187561035,136.89305114746094,126.73607635498047,165.4199981689453
2021-09-23,414.5073547363281,361.9972839355469,22.383411407470703,141.52024841308594,123.8722152709961,163.50999450683594
2021-09-24,415.19012451171875,362.3369140625,21.984169006347656,143.15338134765625,122.66156768798828,163.3000030517578
2021-09-27,414.0023193359375,359.4447021484375,21.565019607543945,146.6127471923828,122.21062469482422,163.63999938964844
2021-09-28,405.6593933105469,349.2731628417969,20.60822868347168,145.8225555419922,120.3070297241211,162.0500030517578
2021-09-29,406.3421325683594,348.70062255859375,20.427026748657227,145.7084197998047,120.5157470703125,161.32000732421875
2021-09-30,401.3756408691406,347.41949462890625,20.625154495239258,143.72412109375,120.49903869628906,164.22000122070312
2021-10-01,406.14569091796875,349.5741271972656,20.65104103088379,146.74447631835938,121.51315307617188,164.58999633789062
2021-10-04,400.9080810546875,342.2366943359375,19.64547348022461,146.58645629882812,121.20378112792969,165.36000061035156
2021-10-05,405.0794677734375,346.85662841796875,20.361316680908203,148.98020935058594,120.03339385986328,164.58999633789062
2021-10-06,406.7629699707031,349.0792236328125,20.609230041503906,149.29824829101562,120.71049499511719,165.02999877929688
2021-10-07,410.2797546386719,352.2818908691406,20.982582092285156,150.24334716796875,119.44822692871094,164.16000366210938
2021-10-08,409.531494140625,350.5252685546875,20.739648818969727,150.35821533203125,118.61223602294922,164.22999572753906
2021-10-11,406.566650390625,347.8368225097656,20.604244232177734,147.1959228515625,118.31124114990234,163.9199981689453
2021-10-12,405.5657958984375,346.6236572265625,20.580350875854492,146.06529235839844,120.33435821533203,164.66000366210938
2021-10-13,407.02496337890625,349.3994140625,20.84718132019043,142.21401977539062,121.50477600097656,167.58999633789062
2021-10-14,413.8713073730469,355.83416748046875,21.650638580322266,144.3958282470703,121.95616912841797,168.0
2021-10-15,417.0232238769531,358.0762023925781,21.76612663269043,147.16940307617188,121.24560546875,165.3300018310547
2021-10-18,418.2579345703125,361.6769104003906,22.124547958374023,147.11643981933594,121.8141098022461,164.9199981689453
2021-10-19,421.4847106933594,364.4139099121094,22.192256927490234,148.9007110595703,120.13370513916016,165.4499969482422
2021-10-20,423.1402282714844,363.9383239746094,22.006074905395508,150.90585327148438,119.32282257080078,166.89999389648438
2021-10-21,424.2437744140625,366.160888671875,22.592485427856445,149.72222900390625,119.18063354492188,166.75
2021-10-22,423.80426025390625,363.0843505859375,22.626338958740234,151.7361602783203,120.49324035644531,167.77000427246094
2021-10-25,426.0770263671875,366.80145263671875,23.064407348632812,150.99415588378906,120.30931091308594,168.92999267578125
2021-10-26,426.46051025390625,367.9563903808594,24.608606338500977,151.40048217773438,121.30414581298828,167.67999267578125
2021-10-27,424.5711975097656,368.81048583984375,24.34377670288086,148.24705505371094,123.51116943359375,168.1199951171875
2021-10-28,428.6678161621094,372.90618896484375,24.831628799438477,150.4818878173828,123.09319305419922,168.0800018310547
2021-10-29,429.5376281738281,374.74053955078125,25.45488166809082,150.0666961669922,123.46935272216797,166.64999389648438
2021-11-01,430.2764587402344,376.0217590332031,25.7137393951416,149.98719787597656,122.5804443359375,167.52000427246094
2021-11-02,432.0162048339844,377.593994140625,26.28522300720215,150.57904052734375,123.12448120117188,167.16000366210938
2021-11-03,434.6537780761719,381.6023254394531,26.48136329650879,150.6320037841797,121.85212707519531,165.77000427246094
2021-11-04,436.7020568847656,386.49395751953125,29.670312881469727,148.65335083007812,123.1329345703125,167.64999389648438
2021-11-05,438.2172546386719,386.8628234863281,29.62153434753418,148.4413604736328,124.97443389892578,169.83999633789062
2021-11-08,438.5913391113281,386.3387145996094,30.66891860961914,149.3335418701172,124.74005126953125,170.4499969482422
2021-11-09,437.1416320800781,383.6794128417969,30.522558212280273,148.20289611816406,126.36395263671875,171.2899932861328
2021-11-10,433.6249084472656,378.0404052734375,29.329816818237305,148.0615692138672,124.0535888671875,173.14999389648438
2021-11-11,433.76519775390625,379.08868408203125,30.256729125976562,148.05271911621094,123.86945343017578,174.1199951171875
2021-11-12,437.0387878417969,383.0776672363281,30.256729125976562,147.3902587890625,123.32535552978516,174.4499969482422
2021-11-15,437.1884460449219,382.9902648925781,29.89333152770996,147.1252899169922,121.7768325805664,174.17999267578125
2021-11-16,438.9187927246094,385.717529296875,30.070552825927734,146.06529235839844,121.46707153320312,172.9199981689453
2021-11-17,437.8525085449219,385.9213562011719,29.1326847076416,145.2791290283203,122.42967224121094,174.5
2021-11-18,439.33953857421875,389.9200134277344,31.536096572875977,144.0248260498047,122.89012145996094,173.94000244140625
2021-11-19,438.5539855957031,392.09405517578125,32.84035110473633,142.14332580566406,124.18760681152344,172.61000061035156
2021-11-22,437.3194274902344,387.5421447753906,31.81586265563965,145.1731414794922,122.73104858398438,168.74000549316406
2021-11-23,437.8992614746094,385.7757873535156,31.606786727905273,148.64453125,120.95646667480469,167.27999877929688
2021-11-24,439.0683898925781,387.0180969238281,32.530723571777344,147.4785919189453,122.89851379394531,167.1199951171875
2021-11-26,429.27569580078125,379.68072509765625,31.36484718322754,143.03549194335938,126.00403594970703,166.85000610351562
2021-11-29,434.5415344238281,387.920654296875,33.22963333129883,142.41717529296875,124.99114990234375,166.6199951171875
2021-11-30,426.08642578125,382.2235412597656,32.5327033996582,140.2972412109375,126.89128112792969,165.5
2021-12-01,421.353759765625,375.7208251953125,31.30097770690918,139.4668731689453,127.67405700683594,166.16000366210938
2021-12-02,427.8072814941406,378.42877197265625,31.989042282104492,142.39950561523438,127.83331298828125,165.24000549316406
2021-12-03,424.0848388671875,371.8482971191406,30.562143325805664,139.82022094726562,129.35861206054688,166.6300048828125
2021-12-06,429.1074523925781,374.8280029296875,29.9089412689209,141.4720458984375,127.5818862915039,166.22000122070312
2021-12-07,437.9834289550781,386.115478515625,32.28874588012695,143.600830078125,126.551025390625,166.80999755859375
2021-12-08,439.1431579589844,387.843017578125,31.690311431884766,141.95787048339844,124.36359405517578,166.89999389648438
2021-12-09,436.17828369140625,382.13623046875,30.36001205444336,141.73703002929688,125.05921173095703,165.8800048828125
2021-12-10,440.2842712402344,386.2901306152344,30.06925392150879,141.1717071533203,124.75753784179688,166.5800018310547
2021-12-13,436.384033203125,380.7095031738281,28.040937423706055,139.4933624267578,126.60132598876953,167.0
2021-12-14,433.3817138671875,376.76898193359375,28.216184616088867,140.56219482421875,126.29962921142578,165.44000244140625
2021-12-15,440.1532897949219,385.3583984375,30.329143524169922,139.51107788085938,125.08441925048828,166.14999389648438
2021-12-16,436.2718200683594,375.4490966796875,28.265979766845703,141.69285583496094,125.1330795288086,168.16000366210938
2021-12-17,431.628662109375,373.5758972167969,27.68247413635254,138.46875,126.55104064941406,167.8000030517578
2021-12-20,427.0389404296875,369.95208740234375,27.60082244873047,135.97779846191406,125.60292053222656,167.08999633789062
2021-12-21,434.62274169921875,378.2317199707031,28.951045989990234,137.87693786621094,125.1246566772461,167.02000427246094
2021-12-22,438.9683532714844,382.8380432128906,29.274656295776367,138.41574096679688,125.70361328125,168.58999633789062
2021-12-23,441.6996765136719,385.7243347167969,29.513635635375977,138.91041564941406,124.61283874511719,168.97000122070312
2021-12-27,447.95068359375,392.09930419921875,30.813068389892578,139.70535278320312,124.91493225097656,169.3699951171875
2021-12-28,447.5845642089844,390.281982421875,30.192726135253906,140.12939453125,124.41988372802734,168.63999938964844
2021-12-29,448.1571960449219,390.22369384765625,29.87309455871582,140.0587158203125,123.06067657470703,168.58999633789062
2021-12-30,446.9182434082031,389.0574951171875,29.459863662719727,139.98802185058594,124.0926742553711,169.8000030517578
2021-12-31,445.7919921875,386.6280822753906,29.285606384277344,139.8732452392578,124.33602142333984,170.9600067138672
2022-01-03,448.3729553222656,390.3500061035156,29.99258804321289,142.83233642578125,121.07217407226562,168.3300018310547
2022-01-04,448.222900390625,385.2870788574219,29.165128707885742,148.24705505371094,120.5687255859375,169.57000732421875
2022-01-05,439.61602783203125,373.4505615234375,27.48631477355957,145.5367889404297,119.91435241699219,169.05999755859375
2022-01-06,439.2030334472656,373.18817138671875,28.057865142822266,147.08299255371094,120.22467041015625,166.99000549316406
2022-01-07,437.4667053222656,369.1454772949219,27.130840301513672,148.5403289794922,119.36051940917969,167.75
2022-01-10,436.9223327636719,369.3883972167969,27.283180236816406,148.6824951171875,119.65416717529297,168.25999450683594
2022-01-11,440.9018859863281,374.9374694824219,27.69840431213379,148.83355712890625,120.45123291015625,170.2899932861328
2022-01-12,442.0938720703125,376.42425537109375,27.87963104248047,149.677734375,119.98977661132812,170.74000549316406
2022-01-13,436.0024719238281,367.007568359375,26.46170425415039,149.49110412597656,121.05535888671875,170.16000366210938
2022-01-14,436.1808166503906,369.2912902832031,26.82713508605957,140.3028564453125,119.226318359375,169.6699981689453
2022-01-18,428.45623779296875,360.0980224609375,25.792564392089844,134.42030334472656,117.5481948852539,169.38999938964844
2022-01-19,424.0072937011719,356.1429138183594,24.96012306213379,132.3408966064453,118.36210632324219,172.0800018310547
2022-01-20,419.31439208984375,351.51715087890625,24.047039031982422,131.21238708496094,119.09198760986328,171.64999389648438
2022-01-21,411.0829772949219,341.7700500488281,23.27435302734375,128.91978454589844,120.50999450683594,171.08999633789062
2022-01-24,412.82867431640625,343.33465576171875,23.272356033325195,128.80422973632812,119.51996612548828,172.02999877929688
2022-01-25,407.7884826660156,335.3757019042969,22.22882652282715,130.20826721191406,119.32697296142578,172.5800018310547
2022-01-26,406.76544189453125,334.8509521484375,22.674911499023438,131.4434051513672,117.88385009765625,169.7899932861328
2022-01-27,404.7568359375,331.47882080078125,21.850446701049805,129.1241455078125,120.04859161376953,167.60000610351562
2022-01-28,414.80914306640625,341.87701416015625,22.74262809753418,130.27932739257812,120.0904769897461,167.10000610351562
2022-01-31,422.2803039550781,352.8096008300781,24.38160514831543,132.04769897460938,119.46958923339844,168.08999633789062
2022-02-01,425.13360595703125,355.2099914550781,24.532958984375,134.31362915039062,119.07305908203125,168.22999572753906
2022-02-02,429.2633972167969,358.09619140625,25.13438606262207,133.2384033203125,119.47631072998047,168.83999633789062
2022-02-03,419.17364501953125,343.57763671875,23.84589958190918,132.1365509033203,118.54371643066406,168.60000610351562
2022-02-04,421.1446228027344,347.9118347167969,24.21531867980957,135.5665740966797,116.79607391357422,168.86000061035156
2022-02-07,419.7929992675781,345.11297607421875,24.622575759887695,136.0198211669922,116.87167358398438,170.11000061035156
2022-02-08,423.2470703125,348.99053955078125,25.000953674316406,138.57896423339844,116.0903091430664,170.6300048828125
2022-02-09,429.4416809082031,356.3858337402344,26.591148376464844,139.15660095214844,116.30873107910156,171.2100067138672
2022-02-10,421.7265625,348.3199462890625,25.71390151977539,138.57896423339844,114.46028137207031,170.55999755859375
2022-02-11,413.4106750488281,337.2706604003906,23.846893310546875,136.77511596679688,116.15752410888672,173.80999755859375
2022-02-14,412.0590515136719,337.68853759765625,24.163541793823242,135.50439453125,114.71241760253906,174.74000549316406
2022-02-15,418.7043151855469,346.0848693847656,26.382043838500977,137.48599243164062,113.41004943847656,173.0800018310547
2022-02-16,419.17364501953125,345.9974060058594,26.39797019958496,137.73477172851562,114.08223724365234,174.86000061035156
2022-02-17,410.2193908691406,335.70611572265625,24.40251350402832,134.5624542236328,114.93084716796875,177.25
2022-02-18,407.5632019042969,331.8772277832031,23.54120445251465,135.193359375,116.1407241821289,177.1199951171875
2022-02-22,403.1894226074219,328.5439147949219,23.29027557373047,134.95343017578125,116.4432373046875,177.49000549316406
2022-02-23,396.037353515625,320.128173828125,22.29155158996582,132.12770080566406,114.83843231201172,178.2899932861328
2022-02-24,401.9973449707031,330.8859558105469,23.64675521850586,128.4487762451172,114.9140625,177.13999938964844
2022-02-25,410.8670654296875,336.01708984375,24.05400848388672,131.48785400390625,114.99805450439453,176.5500030517578
2022-02-28,409.8157958984375,337.01800537109375,24.28104019165039,126.00513458251953,117.51866149902344,178.3800048828125
2022-03-01,403.5743103027344,331.8577575683594,23.37690544128418,121.25102233886719,118.87739562988281,181.6199951171875
2022-03-02,410.9984130859375,337.42620849609375,24.120847702026367,123.7658462524414,114.81385040283203,179.72999572753906
2022-03-03,408.95233154296875,332.6061096191406,23.616918563842773,122.88607788085938,115.98326873779297,180.8000030517578
2022-03-04,405.62969970703125,327.78594970703125,22.84210777282715,119.42938995361328,117.9855728149414,183.67999267578125
2022-03-07,393.6721496582031,315.6968078613281,21.264591217041016,114.8175048828125,117.08538818359375,186.41000366210938
2022-03-08,390.6873779296875,314.22943115234375,21.425931930541992,114.00885772705078,115.9075698852539,191.50999450683594
2022-03-09,401.16204833984375,325.5411376953125,22.919784545898438,118.57632446289062,114.77176666259766,185.82000732421875
2022-03-10,399.3505859375,321.9260559082031,22.565242767333984,117.17232513427734,113.122802734375,186.39999389648438
2022-03-11,394.2727966308594,315.2497863769531,22.009531021118164,114.53315734863281,113.50138092041016,185.08999633789062
2022-03-14,391.3913879394531,309.19561767578125,21.242679595947266,115.6705551147461,110.85125732421875,182.3000030517578
2022-03-15,399.99822998046875,318.8939514160156,22.87895393371582,117.7232437133789,110.65778350830078,178.88999938964844
2022-03-16,408.8678894042969,330.7208251953125,24.395721435546875,122.98381805419922,111.7430648803711,180.00999450683594
2022-03-17,413.9831848144531,334.7245788574219,24.66461944580078,124.53887939453125,110.91016387939453,180.88999938964844
2022-03-18,418.5173645019531,341.5757141113281,26.344707489013672,124.4944839477539,112.2646713256836,179.3000030517578
2022-03-21,418.3950500488281,340.6260986328125,26.624555587768555,124.09458923339844,109.6650161743164,180.6699981689453
2022-03-22,423.2909240722656,347.3202819824219,26.415416717529297,126.7337875366211,108.26000213623047,179.36000061035156
2022-03-23,417.839599609375,342.328857421875,25.52906036376953,124.21012115478516,110.63252258300781,181.80999755859375
2022-03-24,424.1382141113281,349.9376525878906,28.03476333618164,125.01876068115234,109.76597595214844,183.1300048828125
2022-03-25,426.20953369140625,349.6457824707031,27.578636169433594,126.11176300048828,108.24319458007812,182.3800048828125
2022-03-28,429.2411804199219,355.05560302734375,28.10348129272461,125.1787109375,109.16865539550781,179.05999755859375
2022-03-29,434.5511779785156,361.166015625,28.5386905670166,125.45419311523438,109.99311828613281,179.13999938964844
2022-03-30,431.8680725097656,357.17669677734375,27.576644897460938,124.88548278808594,110.85125732421875,180.5800018310547
2022-03-31,425.22100830078125,352.7496032714844,27.17429542541504,121.13555145263672,111.12049865722656,180.64999389648438
2022-04-01,426.4261169433594,352.0782165527344,26.602645874023438,120.2380142211914,111.54344940185547,179.5
2022-04-04,430.0791015625,359.3270568847656,27.24799919128418,120.77120971679688,110.7682876586914,180.3699951171875
2022-04-05,424.6466369628906,351.3485412597656,25.824844360351562,119.36572265625,108.2657699584961,179.24000549316406
2022-04-06,420.4003601074219,343.7202453613281,24.307083129882812,117.70964050292969,107.3894271850586,179.66000366210938
2022-04-07,422.5188903808594,344.5375671386719,24.10889434814453,117.35155487060547,106.58055114746094,180.33999633789062
2022-04-08,421.3890686035156,339.72119140625,23.024356842041016,119.50000762939453,105.42619323730469,181.47000122070312
2022-04-11,414.1866149902344,331.6842346191406,21.82727813720703,119.06137084960938,103.75785827636719,182.3699951171875
2022-04-12,412.6518249511719,330.283203125,21.415966033935547,117.75437927246094,103.61457824707031,183.77000427246094
2022-04-13,417.3782653808594,336.9967956542969,22.11210823059082,113.958740234375,103.82522583007812,184.64999389648438
2022-04-14,412.1811218261719,329.2906494140625,21.17097282409668,112.90239715576172,101.7439956665039,184.0399932861328
2022-04-18,412.3506164550781,329.5436706542969,21.69382667541504,114.99717712402344,101.23844146728516,184.61000061035156
2022-04-19,419.0070495605469,336.90924072265625,22.10712432861328,117.37840270996094,100.48011016845703,181.82000732421875
2022-04-20,418.6963195800781,331.9956359863281,21.394058227539062,117.79019165039062,102.50235748291016,182.7100067138672
2022-04-21,412.435302734375,325.1263122558594,20.100378036499023,116.87708282470703,101.7439956665039,182.05999755859375
2022-04-22,401.1184997558594,316.61260986328125,19.435108184814453,113.52011108398438,101.1036605834961,180.2899932861328
2022-04-25,403.4439697265625,320.6796569824219,19.820528030395508,113.48428344726562,102.11478424072266,177.0500030517578
2022-04-26,391.7598876953125,308.57562255859375,18.71108627319336,110.1272964477539,103.14273834228516,177.32000732421875
2022-04-27,392.8614196777344,308.20587158203125,18.33961296081543,108.6949691772461,101.81987762451172,175.97999572753906
2022-04-28,402.78485107421875,319.152099609375,19.70101547241211,110.41376495361328,101.97151184082031,176.92999267578125
2022-04-29,387.8997802734375,304.7906494140625,18.4710750579834,106.85086059570312,100.64862060546875,176.91000366210938
2022-05-02,390.23468017578125,309.87945556640625,19.453031539916992,107.82664489746094,98.90401458740234,173.6300048828125
2022-05-03,392.0235290527344,310.2102355957031,19.521753311157227,110.13626098632812,99.57078552246094,174.08999633789062
2022-05-04,403.9617614746094,320.69915771484375,20.250762939453125,113.77970123291016,100.11942291259766,175.8000030517578
2022-05-05,389.6038818359375,304.5473937988281,18.76685905456543,110.93297576904297,97.3763198852539,175.1300048828125
2022-05-06,387.2784423828125,300.898681640625,18.598548889160156,110.7539291381836,95.94147491455078,175.4199981689453
2022-05-09,374.8787841796875,289.1254577636719,16.880611419677734,109.08885955810547,96.78549194335938,172.8800048828125
2022-05-10,375.74493408203125,292.6379699707031,17.52297019958496,106.43013000488281,97.66331481933594,171.4199981689453
2022-05-11,369.77569580078125,283.9588317871094,16.561920166015625,105.75871276855469,99.54547119140625,172.82000732421875
2022-05-12,369.38970947265625,283.2874755859375,16.108783721923828,105.66920471191406,99.35977935791016,170.1699981689453
2022-05-13,378.2210693359375,293.7861633300781,17.633516311645508,106.60916900634766,97.89116668701172,168.7899932861328
2022-05-16,376.6864013671875,290.380615234375,17.19332504272461,105.86616516113281,97.78990173339844,170.39999389648438
2022-05-17,384.43499755859375,297.90191650390625,18.10258674621582,109.37532043457031,96.60824584960938,169.3300018310547
2022-05-18,368.9377746582031,283.2777404785156,16.8686580657959,107.5043716430664,98.66770935058594,169.4199981689453
2022-05-19,366.6782531738281,281.7598876953125,17.053895950317383,105.91091918945312,98.90401458740234,171.91000366210938
2022-05-20,366.83831787109375,280.88421630859375,16.625659942626953,105.0425796508789,100.02658081054688,172.02999877929688
2022-05-23,373.7019348144531,285.5545654296875,16.828826904296875,111.54170227050781,98.38070678710938,172.8300018310547
2022-05-24,370.84912109375,279.4830627441406,16.087865829467773,113.11724090576172,100.32200622558594,174.1300048828125
2022-05-25,374.1255798339844,283.3945617675781,16.905515670776367,113.905029296875,100.71870422363281,173.0800018310547
2022-05-26,381.60107421875,291.2465515136719,17.777923583984375,115.87447357177734,100.2629165649414,172.75999450683594
2022-05-27,390.9690856933594,300.7527160644531,18.733991622924805,117.5126724243164,100.50772094726562,172.85000610351562
2022-05-31,388.7752990722656,299.95489501953125,18.595561981201172,118.37206268310547,98.38070678710938,171.13999938964844
2022-06-01,385.6307373046875,297.7364807128906,18.245004653930664,116.29519653320312,98.26829528808594,172.22999572753906
2022-06-02,392.97442626953125,305.89013671875,19.511795043945312,118.16619110107422,98.3189697265625,174.35000610351562
2022-06-03,386.5251770019531,297.93109130859375,18.643362045288086,116.51901245117188,98.10759735107422,172.5800018310547
2022-06-06,387.7020568847656,298.9234924316406,18.709095001220703,116.13406372070312,96.29815673828125,171.82000732421875
2022-06-07,391.4209899902344,301.50189208984375,18.84852409362793,116.43844604492188,97.33818054199219,172.94000244140625
2022-06-08,387.1654052734375,299.3322448730469,18.575584411621094,114.58538818359375,96.47574615478516,172.77999877929688
2022-06-09,377.9574890136719,291.314697265625,17.97791862487793,112.17730712890625,96.79704284667969,172.22999572753906
2022-06-10,366.99835205078125,281.0399169921875,16.908092498779297,107.0209732055664,96.19670104980469,174.5399932861328
2022-06-13,353.0641174316406,267.97259521484375,15.586241722106934,103.83404541015625,93.17813873291016,169.92999267578125
2022-06-14,352.000244140625,268.4591064453125,15.774505615234375,102.1063232421875,92.00281524658203,168.57000732421875
2022-06-15,357.0184631347656,275.16302490234375,16.46282386779785,103.31482696533203,93.71927642822266,170.77000427246094
2022-06-16,345.20245361328125,264.0611572265625,15.54041862487793,101.54232788085938,94.46334075927734,172.69000244140625
2022-06-17,345.9466552734375,267.2719421386719,15.818337440490723,101.18426513671875,94.76776123046875,171.27000427246094
2022-06-21,354.6553649902344,274.0151672363281,16.501670837402344,103.69083404541016,93.16123962402344,170.6300048828125
2022-06-22,354.01239013671875,273.6154479980469,16.296472549438477,103.10893249511719,95.72322845458984,171.30999755859375
2022-06-23,357.4826354980469,277.6903991699219,16.161996841430664,101.98101806640625,96.50955963134766,170.25999450683594
2022-06-24,368.8483581542969,287.20501708984375,17.059494018554688,105.02466583251953,95.173583984375,170.08999633789062
2022-06-27,367.43951416015625,285.099365234375,16.803495407104492,104.18318176269531,94.36186981201172,169.89999389648438
2022-06-28,359.93170166015625,276.41339111328125,15.919938087463379,103.68185424804688,94.80158233642578,169.6199951171875
2022-06-29,359.63861083984375,276.6667785644531,15.481645584106445,103.21637725830078,96.2812271118164,169.49000549316406
2022-06-30,356.7166748046875,273.23529052734375,15.10013484954834,100.80827331542969,97.12678527832031,168.4600067138672
2022-07-01,360.4895935058594,275.03875732421875,14.46660327911377,102.09738159179688,98.12394714355469,168.32000732421875
2022-07-05,361.17041015625,279.747314453125,14.905892372131348,101.70903778076172,98.8949203491211,164.75
2022-07-06,362.39019775390625,281.54107666015625,15.071247100830078,101.04975891113281,97.23435974121094,162.13999938964844
2022-07-07,367.8177490234375,287.5657653808594,15.796420097351074,103.60556030273438,96.3786849975586,162.22999572753906
2022-07-08,367.5151672363281,287.92645263671875,15.77649974822998,103.28045654296875,95.31120300292969,162.3000030517578
2022-07-11,363.31683349609375,281.7751159667969,15.093162536621094,101.92577362060547,96.95481872558594,161.42999267578125
2022-07-12,360.1018371582031,279.0453796386719,15.02343463897705,102.02513885498047,97.53091430664062,160.8300018310547
2022-07-13,358.21075439453125,278.47021484375,15.105114936828613,101.06781005859375,98.64923095703125,161.60000610351562
2022-07-14,357.3408203125,279.4646301269531,15.312309265136719,97.53662109375,97.8443832397461,159.3300018310547
2022-07-15,364.16790771484375,284.5339660644531,15.70079231262207,102.00704956054688,98.39508056640625,159.00999450683594
2022-07-18,361.1610107421875,282.1260070800781,16.038475036621094,100.95945739746094,97.36992645263672,159.16000366210938
2022-07-19,370.919189453125,290.8023681640625,16.926021575927734,103.46107482910156,96.84464263916016,159.5399932861328
2022-07-20,373.2831115722656,295.4134521484375,17.73785400390625,103.4430160522461,97.09881591796875,158.0399932861328
2022-07-21,377.0843811035156,299.65411376953125,17.97990608215332,104.14742279052734,98.77631378173828,160.27000427246094
2022-07-22,373.5856628417969,294.3996276855469,17.251745223999023,103.64169311523438,100.4368667602539,160.6699981689453
2022-07-25,374.03961181640625,292.7227783203125,16.9578914642334,104.05713653564453,99.45407104492188,160.22999572753906
2022-07-26,369.6144104003906,286.9710998535156,16.468799591064453,102.4315185546875,99.53031158447266,160.0399932861328
2022-07-27,379.21185302734375,299.098388671875,17.72092056274414,104.0751724243164,98.9711685180664,161.6699981689453
2022-07-28,383.9681701660156,302.02294921875,17.914159774780273,103.68685913085938,99.75908660888672,163.63999938964844
2022-07-29,389.5658874511719,307.531005859375,18.09246826171875,104.18356323242188,99.48797607421875,164.10000610351562
2022-08-01,388.4122619628906,307.3458251953125,18.369388580322266,103.14498138427734,101.88400268554688,165.02999877929688
2022-08-02,385.8498229980469,306.429443359375,18.454063415527344,101.53744506835938,99.7281494140625,164.0500030517578
2022-08-03,391.89202880859375,314.7742614746094,18.81963348388672,102.60308837890625,101.29834747314453,164.4499969482422
2022-08-04,391.62725830078125,316.2462463378906,19.140384674072266,101.47422790527344,101.26441192626953,167.1699981689453
2022-08-05,390.96533203125,313.6629333496094,18.915266036987305,104.5448226928711,98.85395812988281,165.2899932861328
2022-08-08,390.511474609375,312.6490783691406,17.723905563354492,103.27142333984375,100.44960021972656,166.69000244140625
2022-08-09,388.96075439453125,309.11029052734375,17.019655227661133,104.2016372680664,100.05916595458984,167.1999969482422
2022-08-10,397.1304931640625,317.7377624511719,18.02672576904297,106.92000579833984,99.40562438964844,166.77999877929688
2022-08-11,397.1304931640625,315.934326171875,17.87232780456543,108.5004653930664,97.08855438232422,166.33999633789062
2022-08-12,403.8533630371094,322.08575439453125,18.6363525390625,110.29767608642578,98.0730972290039,167.8699951171875
2022-08-15,405.5177307128906,324.68865966796875,18.95809555053711,110.595703125,97.98821258544922,165.7100067138672
2022-08-16,406.3119812011719,323.9281921386719,18.80568504333496,111.65234375,98.3956069946289,165.4199981689453
2022-08-17,403.42791748046875,320.2335510253906,18.263803482055664,110.71310424804688,97.3686294555664,164.35000610351562
2022-08-18,404.6004638671875,321.003662109375,18.70009994506836,109.85513305664062,97.512939453125,163.9199981689453
2022-08-19,399.1634216308594,314.7449645996094,17.779687881469727,107.13675689697266,95.94269561767578,162.72000122070312
2022-08-22,390.85186767578125,306.45867919921875,16.967853546142578,105.36664581298828,95.6202392578125,161.63999938964844
2022-08-23,389.9063415527344,306.20526123046875,17.114282608032227,104.32805633544922,95.093994140625,162.77000427246094
2022-08-24,391.1545104980469,307.09234619140625,17.155126571655273,104.58094024658203,94.39802551269531,163.25
2022-08-25,396.6766052246094,312.5223083496094,17.843441009521484,107.06450653076172,95.71355438232422,163.75
2022-08-26,383.24951171875,299.71258544921875,16.19686508178711,103.56041717529297,96.43499755859375,161.75999450683594
2022-08-29,380.71533203125,296.7586975097656,15.739639282226562,103.30753326416016,95.63719940185547,161.86000061035156
2022-08-30,376.5359191894531,293.4539794921875,15.407934188842773,103.32559204101562,95.87484741210938,160.50999450683594
2022-08-31,373.67083740234375,291.7479553222656,15.035387992858887,102.71149444580078,94.95816040039062,159.27000427246094
2022-09-01,374.8433837890625,291.8746643066406,13.882880210876465,103.41590881347656,93.21968078613281,157.8699951171875
2022-09-02,370.8908996582031,287.7510986328125,13.594005584716797,102.69341278076172,93.74700927734375,159.25999450683594
2022-09-06,369.4914245605469,285.684326171875,13.412713050842285,102.72050476074219,91.42501068115234,158.3300018310547
2022-09-07,376.12933349609375,291.4554748535156,13.66480541229248,104.6712417602539,92.87095642089844,159.94000244140625
2022-09-08,378.5877990722656,292.96649169921875,13.939814567565918,107.10966491699219,91.91834259033203,158.97999572753906
2022-09-09,384.4692687988281,299.3714294433594,14.335391998291016,107.62444305419922,92.12248229980469,159.82000732421875
2022-09-12,388.6014099121094,302.9296569824219,14.452967643737793,108.89784240722656,91.36549377441406,160.6300048828125
2022-09-13,371.70404052734375,286.31787109375,13.083897590637207,105.11376953125,91.578125,158.5399932861328
2022-09-14,373.12237548828125,288.58941650390625,13.080907821655273,104.86992645263672,91.89281463623047,157.92999267578125
2022-09-15,368.88623046875,283.7832946777344,12.882619857788086,106.45038604736328,91.83328247070312,154.97999572753906
2022-09-16,366.07208251953125,282.04803466796875,13.150653839111328,105.73693084716797,91.06779479980469,155.83999633789062
2022-09-19,368.910888671875,284.2444152832031,13.333995819091797,106.71229553222656,91.28041076660156,155.9600067138672
2022-09-20,364.6763916015625,281.97869873046875,13.128735542297363,104.60803985595703,90.37034606933594,155.07000732421875
2022-09-21,358.3150329589844,276.9295349121094,13.213430404663086,101.59162139892578,91.8843002319336,155.7899932861328
2022-09-22,355.3052978515625,273.521240234375,12.515941619873047,100.43561553955078,89.53681182861328,155.6999969482422
2022-09-23,349.3521423339844,269.06781005859375,12.47110366821289,98.56616973876953,89.90252685546875,153.00999450683594
2022-09-26,345.8961181640625,267.9544677734375,12.184135437011719,96.44386291503906,88.18445587158203,151.22999572753906
2022-09-27,345.0130920410156,268.0619812011719,12.36846923828125,95.59493255615234,85.86244201660156,151.5399932861328
2022-09-28,351.8017272949219,273.39422607421875,12.690314292907715,97.52758026123047,88.7373046875,154.69000244140625
2022-09-29,344.4530029296875,265.5129089355469,12.176163673400879,95.87489318847656,88.27802276611328,154.66000366210938
2022-09-30,339.1265563964844,261.0107727050781,12.095455169677734,94.37571716308594,87.13826751708984,154.6699981689453
2022-10-03,348.079833984375,267.1341247558594,12.467119216918945,97.29280090332031,88.5228500366211,158.42999267578125
2022-10-04,358.8656311035156,275.5329895019531,13.119766235351562,101.84451293945312,88.2756118774414,160.6999969482422
2022-10-05,358.0301818847656,275.38653564453125,13.161616325378418,100.58704376220703,87.43157196044922,159.80999755859375
2022-10-06,354.33685302734375,273.21844482421875,13.082901000976562,98.53682708740234,86.94560241699219,159.6300048828125
2022-10-07,344.4530029296875,262.8077087402344,12.032682418823242,96.56867218017578,86.1015396118164,157.8800048828125
2022-10-10,341.8229675292969,260.18060302734375,11.628137588500977,95.66658020019531,84.76301574707031,155.47999572753906
2022-10-11,339.658203125,256.6061706542969,11.544439315795898,92.90564727783203,85.13813018798828,155.16000366210938
2022-10-12,338.5378112792969,256.5183410644531,11.458746910095215,94.40913391113281,85.555908203125,155.99000549316406
2022-10-13,347.4722595214844,262.5342712402344,11.917098045349121,99.6576156616211,84.73743438720703,154.91000366210938
2022-10-14,339.5538024902344,254.64317321777344,11.186725616455078,101.31599426269531,84.0383071899414,152.97999572753906
2022-10-17,348.2793273925781,263.0518493652344,11.845356941223145,105.57129669189453,83.62908172607422,153.4199981689453
2022-10-18,352.3714294433594,265.1321105957031,11.924073219299316,108.2866439819336,83.82514953613281,153.75
2022-10-19,349.8742980957031,264.1651916503906,12.007770538330078,106.16356658935547,82.2990493774414,151.69000244140625
2022-10-20,346.9405517578125,262.81744384765625,12.150257110595703,105.81731414794922,80.8923110961914,151.4499969482422
2022-10-21,355.3717346191406,268.97991943359375,12.421280860900879,111.3756103515625,79.43437957763672,154.14999389648438
2022-10-24,359.7201843261719,271.9391174316406,12.553804397583008,111.51229095458984,78.77793884277344,153.64999389648438
2022-10-25,365.46441650390625,277.5643615722656,13.213430404663086,111.80386352539062,81.07133483886719,154.0
2022-10-26,362.7109375,271.43121337890625,12.849740028381348,113.08866882324219,82.23938751220703,154.97999572753906
2022-10-27,360.7740783691406,266.48956298828125,13.128735542297363,113.53515625,83.10047149658203,154.74000549316406
2022-10-28,369.357177734375,274.6443176269531,13.784374237060547,114.88372039794922,82.5292739868164,153.16000366210938
2022-10-31,366.6891784667969,271.4507751464844,13.448582649230957,114.70147705078125,81.94097900390625,151.91000366210938
2022-11-01,365.0846252441406,268.6771545410156,13.49441909790039,116.76990509033203,82.70675659179688,153.4600067138672
2022-11-02,355.92236328125,259.4676513671875,13.17158031463623,115.69468688964844,82.34780883789062,152.38999938964844
2022-11-03,352.2574768066406,254.39898681640625,13.372855186462402,115.90425872802734,81.90335845947266,151.80999755859375
2022-11-04,357.3276062011719,258.4910888671875,14.105218887329102,119.0752182006836,80.52735900878906,156.47000122070312
2022-11-07,360.7455749511719,261.3329162597656,14.249699592590332,119.70394134521484,79.72396087646484,155.85000610351562
2022-11-08,362.6919860839844,263.2374267578125,14.549619674682617,119.77687072753906,80.59571075439453,159.4499969482422
2022-11-09,355.21978759765625,257.1628723144531,13.726585388183594,118.21870422363281,80.86067962646484,158.64999389648438
2022-11-10,374.7405700683594,276.13848876953125,15.693500518798828,123.08452606201172,83.97169494628906,163.47999572753906
2022-11-11,378.36749267578125,281.22662353515625,16.268430709838867,123.28498077392578,83.66403198242188,164.55999755859375
2022-11-14,375.1488342285156,278.7656555175781,16.23655128479004,122.01842498779297,83.45887756347656,164.9199981689453
2022-11-15,378.3484802246094,282.62322998046875,16.606220245361328,121.1345443725586,84.80925750732422,165.5
2022-11-16,375.4621887207031,278.7656555175781,15.852928161621094,121.29856872558594,86.66390991210938,165.1199951171875
2022-11-17,374.3133544921875,278.15045166015625,15.620763778686523,120.77007293701172,85.7493896484375,163.9199981689453
2022-11-18,376.0129089355469,278.1600646972656,15.353726387023926,121.95458984375,85.15969848632812,162.7899932861328
2022-11-21,374.6456298828125,275.298583984375,15.262053489685059,121.23477935791016,85.51863861083984,161.8800048828125
2022-11-22,379.687255859375,279.26373291015625,15.98046875,123.04802703857422,86.7322769165039,162.07000732421875
2022-11-23,382.0798645019531,282.06658935546875,16.459747314453125,124.36016845703125,88.24503326416016,163.0800018310547
2022-11-25,381.994384765625,280.21099853515625,16.211637496948242,124.59711456298828,87.9458999633789,163.22000122070312
2022-11-28,375.8989562988281,276.09942626953125,15.770225524902344,122.41934967041016,88.19375610351562,161.92999267578125
2022-11-29,375.2532958984375,274.0095520019531,15.58289909362793,124.43305969238281,87.15958404541016,162.72999572753906
2022-11-30,387.07391357421875,286.5003967285156,16.86661148071289,125.90921783447266,87.80064392089844,164.80999755859375
2022-12-01,386.7891540527344,286.8520202636719,17.077898025512695,124.1414794921875,90.60549926757812,167.83999633789062
2022-12-02,386.3429260253906,285.7093505859375,16.819761276245117,123.15741729736328,91.74488830566406,167.25999450683594
2022-12-05,379.39288330078125,280.91412353515625,16.55465316772461,119.70394134521484,90.4598159790039,164.38999938964844
2022-12-06,373.92401123046875,275.0936279296875,15.93372631072998,119.90442657470703,91.62494659423828,164.83999633789062
2022-12-07,373.2878723144531,273.97039794921875,16.0662841796875,119.8224105834961,93.78389739990234,166.3300018310547
2022-12-08,376.2121887207031,277.2128601074219,17.111791610717773,121.07987213134766,93.52684783935547,166.47000122070312
2022-12-09,373.4018859863281,275.4451599121094,16.944347381591797,120.4238052368164,91.09378814697266,167.05999755859375
2022-12-12,378.7852783203125,278.9023132324219,17.47657012939453,122.29176330566406,91.38507843017578,165.67999267578125
2022-12-13,381.6526184082031,281.9005432128906,18.01177978515625,122.17327880859375,92.26748657226562,168.50999450683594
2022-12-14,379.2125244140625,279.8105773925781,17.6151065826416,121.56279754638672,92.66160583496094,168.10000610351562
2022-12-15,369.9363098144531,270.41558837890625,16.8955078125,118.5467529296875,93.02315521240234,165.35000610351562
2022-12-16,365.5688171386719,267.8373107910156,16.515779495239258,117.80866241455078,91.9840087890625,166.7899932861328
2022-12-19,362.4689025878906,264.07318115234375,16.1998348236084,118.51029968261719,90.4382095336914,166.32000732421875
2022-12-20,362.9649353027344,263.8675842285156,16.031402587890625,119.0843505859375,88.8322982788086,169.0800018310547
2022-12-21,368.39208984375,267.6953430175781,16.44601058959961,120.4238052368164,89.05555725097656,168.8000030517578
2022-12-22,363.13665771484375,261.1461486816406,15.287885665893555,119.05699920654297,89.03839111328125,166.75999450683594
2022-12-23,365.2254333496094,261.73345947265625,15.155329704284668,119.62194061279297,87.7330551147461,167.25999450683594
2022-12-27,363.78521728515625,258.032958984375,14.073944091796875,120.0411148071289,85.99833679199219,168.6699981689453
2022-12-28,359.26409912109375,254.62628173828125,13.989228248596191,120.69715118408203,85.49164581298828,167.91000366210938
2022-12-29,365.73101806640625,260.8328857421875,14.554338455200195,121.38965606689453,86.4620361328125,168.85000610351562
2022-12-30,364.7675476074219,260.67626953125,14.565302848815918,122.1915283203125,85.50020599365234,169.63999938964844
2023-01-03,363.2320251464844,258.9140625,14.267298698425293,123.1209487915039,87.13191986083984,171.05999755859375
2023-01-04,366.03619384765625,260.1475830078125,14.699850082397461,124.26905822753906,88.3255844116211,172.6699981689453
2023-01-05,361.8585205078125,256.0751037597656,14.217466354370117,124.24154663085938,88.69488525390625,170.52000427246094
2023-01-06,370.1567077636719,263.1432189941406,14.809484481811523,126.61893463134766,90.32657623291016,173.7100067138672
2023-01-09,369.9468078613281,264.8465881347656,15.57592487335205,126.0957260131836,90.80748748779297,174.10000610351562
2023-01-10,372.5411682128906,267.08831787109375,15.855986595153809,127.22476959228516,89.30461120605469,174.74000549316406
2023-01-11,377.2530822753906,271.7091064453125,15.947678565979004,128.17022705078125,90.75594329833984,174.6199951171875
2023-01-12,378.6265563964844,273.17742919921875,16.455978393554688,128.04171752929688,92.54220581054688,176.63999938964844
2023-01-13,380.09539794921875,275.0570983886719,16.842693328857422,131.2728271484375,91.67485809326172,178.75999450683594
2023-01-17,379.39923095703125,275.6151428222656,17.64301300048828,129.24423217773438,91.082275390625,177.58999633789062
2023-01-18,373.4091796875,272.0321044921875,17.319095611572266,125.36138916015625,93.28935241699219,177.0800018310547
2023-01-19,370.6907653808594,269.3595886230469,16.709135055541992,123.6907730102539,92.70537567138672,179.88999938964844
2023-01-20,377.5964660644531,276.7310791015625,17.779558181762695,123.99369812011719,91.20252990722656,179.2899932861328
2023-01-23,382.1269836425781,282.87896728515625,19.129047393798828,126.00395202636719,90.77310943603516,179.6300048828125
2023-01-24,381.7169189453125,282.30133056640625,19.2008056640625,127.08706665039062,92.07847595214844,180.27999877929688
2023-01-25,381.8599853515625,281.6748352050781,19.258607864379883,127.70209503173828,92.30177307128906,181.11000061035156
2023-01-26,386.0567932128906,287.166748046875,19.736013412475586,128.49151611328125,91.87235260009766,179.47000122070312
2023-01-27,386.94384765625,290.0252990722656,20.297130584716797,128.80361938476562,91.6405258178711,179.22000122070312
2023-01-30,382.0888671875,284.1613464355469,19.098148345947266,127.7112808227539,91.30559539794922,178.75999450683594
2023-01-31,387.7068786621094,288.4197998046875,19.471900939941406,128.47314453125,92.03553009033203,179.41000366210938
2023-02-01,391.8273620605469,294.5872497558594,20.873210906982422,128.13352966308594,93.14191436767578,181.6699981689453
2023-02-02,397.5311584472656,305.1599426269531,21.636659622192383,127.53691101074219,93.26246643066406,177.89999389648438
2023-02-03,393.3057556152344,299.7365417480469,21.029691696166992,129.51040649414062,91.86764526367188,173.4600067138672
2023-02-06,390.90216064453125,297.2010192871094,21.018726348876953,130.27230834960938,91.18746185302734,173.82000732421875
2023-02-07,396.01458740234375,303.35870361328125,22.09911346435547,131.86033630371094,90.45561981201172,173.97999572753906
2023-02-08,391.6842956542969,297.9646911621094,22.13100814819336,130.93319702148438,90.88613891601562,174.41000366210938
2023-02-09,388.2886962890625,295.3312072753906,22.26256561279297,128.8953857421875,90.025146484375,173.02999877929688
2023-02-10,389.19482421875,293.3929443359375,21.19413948059082,129.46449279785156,89.01776885986328,173.36000061035156
2023-02-13,393.7636413574219,298.0919189453125,21.71539878845215,130.8689727783203,89.76683044433594,172.47999572753906
2023-02-14,393.58233642578125,300.2944641113281,22.894453048706055,131.44723510742188,89.56021118164062,172.61000061035156
2023-02-15,394.8605041503906,302.5950622558594,22.68814468383789,131.99801635742188,88.72503662109375,170.88999938964844
2023-02-16,389.4236755371094,296.91717529296875,21.928682327270508,130.18052673339844,87.46798706054688,170.75
2023-02-17,388.45086669921875,294.8221435546875,21.316726684570312,130.5660400390625,88.1481704711914,171.25999450683594
2023-02-21,380.658203125,287.84228515625,20.58617401123047,128.17022705078125,86.43479919433594,170.6199951171875
2023-02-22,380.1336364746094,288.0576477050781,20.684837341308594,127.18807983398438,87.22689819335938,169.66000366210938
2023-02-23,382.1556701660156,290.5734558105469,23.58514404296875,128.2069549560547,88.07929229736328,169.57000732421875
2023-02-24,378.07330322265625,285.7081604003906,23.208406448364258,129.363525390625,86.93417358398438,168.35000610351562
2023-02-27,379.36102294921875,287.7541809082031,23.422685623168945,130.4925994873047,87.17522430419922,169.00999450683594
2023-02-28,377.9588928222656,287.3821105957031,23.13863754272461,131.5849151611328,87.5713119506836,169.77999877929688
2023-03-01,376.5091247558594,285.0718078613281,22.62236213684082,130.85060119628906,86.63050842285156,170.75999450683594
2023-03-02,379.43731689453125,287.43109130859375,23.236309051513672,129.49205017089844,85.86234283447266,170.66000366210938
2023-03-03,385.52264404296875,293.3733215332031,23.810394287109375,131.8695068359375,87.94243621826172,172.49000549316406
2023-03-06,385.7896728515625,293.7061767578125,23.475509643554688,131.0984344482422,87.26058959960938,171.6199951171875
2023-03-07,379.87603759765625,290.1036376953125,23.214340209960938,127.2431640625,87.79572296142578,168.6199951171875
2023-03-08,380.4961242675781,291.552490234375,24.104511260986328,126.49040985107422,87.88206481933594,168.5399932861328
2023-03-09,373.4759216308594,286.5010681152344,23.36186981201172,119.64269256591797,88.09781646728516,170.1999969482422
2023-03-10,368.0868835449219,282.4775390625,22.892364501953125,122.68103790283203,91.13595581054688,173.8699951171875
2023-03-13,367.5623474121094,284.5726013183594,22.893356323242188,120.47804260253906,91.34313201904297,177.86000061035156
2023-03-14,373.63818359375,291.1119384765625,23.98689079284668,123.57141876220703,89.84130096435547,176.8300018310547
2023-03-15,371.30133056640625,292.6391906738281,24.151365280151367,117.73340606689453,91.57613372802734,178.2100067138672
2023-03-16,377.8157958984375,300.3533020019531,25.460214614868164,120.01905059814453,90.85974884033203,178.57000732421875
2023-03-17,373.3981018066406,298.93377685546875,25.64362907409668,115.4844970703125,92.22345733642578,183.77000427246094
2023-03-20,376.98858642578125,299.9946594238281,25.818077087402344,116.7053451538086,91.41215515136719,183.83999633789062
2023-03-21,381.9385986328125,304.279296875,26.116132736206055,119.83546447753906,90.62670135498047,180.3699951171875
2023-03-22,375.42791748046875,300.1417236328125,26.3842830657959,116.7420425415039,91.8350601196289,183.44000244140625
2023-03-23,376.44281005859375,303.70086669921875,27.104995727539062,116.42994689941406,91.8350601196289,185.74000549316406
2023-03-24,378.9130859375,304.818603515625,26.694297790527344,114.6583480834961,92.22345733642578,183.64999389648438
2023-03-27,379.6216125488281,302.7301940917969,26.44708251953125,117.94453430175781,90.05705261230469,181.9499969482422
2023-03-28,378.7694396972656,301.1221923828125,26.32646942138672,118.30253601074219,90.22106170654297,183.44000244140625
2023-03-29,384.27484130859375,306.61285400390625,26.89864730834961,118.54117584228516,90.0398178100586,182.52999877929688
2023-03-30,386.5248718261719,309.5150146484375,27.29638671875,118.18319702148438,90.45411682128906,184.17999267578125
2023-03-31,391.9726867675781,314.66253662109375,27.68914222717285,119.61517333984375,91.80916595458984,183.22000122070312
2023-04-03,393.4664001464844,313.8977355957031,27.876550674438477,119.47748565673828,92.24098205566406,184.5399932861328
2023-04-04,391.28338623046875,312.8388366699219,27.366165161132812,117.88028717041016,92.69956970214844,187.97999572753906
2023-04-05,390.2589416503906,309.7503356933594,26.795978546142578,118.05602264404297,93.66870880126953,187.8300018310547
2023-04-06,391.7812805175781,311.8387451171875,26.951480865478516,117.9265365600586,93.9109878540039,186.49000549316406
2023-04-10,392.18341064453125,311.66229248046875,27.49176788330078,118.31510162353516,92.39672088623047,185.11000061035156
2023-04-11,392.2886962890625,309.6620788574219,27.083065032958984,118.89791107177734,92.58708190917969,186.27999877929688
2023-04-12,390.6897888183594,306.92657470703125,26.411195755004883,118.8794174194336,92.49190521240234,187.19000244140625
2023-04-13,395.87921142578125,312.9368591308594,26.379297256469727,119.33273315429688,91.76507568359375,189.72000122070312
2023-04-14,394.9121398925781,312.34857177734375,26.673362731933594,128.34349060058594,90.92572784423828,186.36000061035156
2023-04-17,396.32916259765625,312.6133117675781,26.91659164428711,129.36117553710938,89.8440933227539,185.52999877929688
2023-04-18,396.58770751953125,312.6329040527344,27.57948875427246,130.8135986328125,90.16423797607422,186.25
2023-04-19,396.5207214355469,312.4858703613281,27.8426570892334,130.6470947265625,90.07768249511719,185.36000061035156
2023-04-20,394.3568420410156,310.10333251953125,27.018268585205078,130.26780700683594,90.84783172607422,186.08999633789062
2023-04-21,394.6632080078125,310.4268798828125,27.033222198486328,130.01800537109375,90.33732604980469,184.25
2023-04-24,395.0749206542969,309.7798156738281,26.956464767456055,130.1937713623047,91.21128845214844,184.80999755859375
2023-04-25,388.8035888671875,303.93609619140625,26.15799903869629,127.36286926269531,92.5524673461914,185.75
2023-04-26,387.1567687988281,305.7793884277344,26.8707332611084,125.10556030273438,91.56602478027344,184.74000549316406
2023-04-27,394.8643493652344,314.0938415527344,27.13988494873047,126.78929138183594,90.65746307373047,184.75
2023-04-28,398.2344970703125,316.26068115234375,27.661230087280273,127.89017486572266,92.11982727050781,184.8000030517578
2023-05-01,397.8324279785156,315.8979187011719,28.818557739257812,130.62860107421875,89.46357727050781,183.97000122070312
2023-05-02,393.361083984375,313.142822265625,28.120773315429688,128.51930236816406,91.69303131103516,187.52000427246094
2023-05-03,390.66107177734375,311.0936279296875,27.71406364440918,125.79940032958984,92.204833984375,189.11000061035156
2023-05-04,387.8940734863281,309.9954833984375,27.474821090698242,124.0786361694336,91.29399108886719,190.44000244140625
2023-05-05,395.0749206542969,316.5842590332031,28.58928108215332,126.50251770019531,90.9903793334961,187.4600067138672
2023-05-08,395.18017578125,317.3686218261719,29.058795928955078,126.80778503417969,89.71517181396484,187.69000244140625
2023-05-09,393.447265625,315.3586120605469,28.480634689331055,126.19718933105469,89.39421081542969,189.02000427246094
2023-05-10,395.2856140136719,318.79034423828125,28.793636322021484,126.261962890625,90.2616958618164,188.75
2023-05-11,394.5962219238281,319.8296203613281,28.487607955932617,125.8641357421875,91.2159194946289,187.1300048828125
2023-05-12,394.0791931152344,318.6824645996094,28.25035858154297,124.06015014648438,90.45252990722656,186.80999755859375
2023-05-15,395.4388122558594,320.4080505371094,28.861419677734375,125.10556030273438,89.51564025878906,187.2100067138672
2023-05-16,392.796142578125,320.7709045410156,29.1205997467041,124.2636947631836,89.24673461914062,184.8699951171875
2023-05-17,397.5643310546875,324.6535339355469,30.08254623413086,128.08444213867188,88.9864730834961,184.22999572753906
2023-05-18,401.3941345214844,330.6834411621094,31.577802658081055,129.05584716796875,88.32719421386719,181.83999633789062
2023-05-19,400.81005859375,329.938232421875,31.165111541748047,128.75982666015625,87.70262145996094,183.63999938964844
2023-05-22,400.9728698730469,331.0462341308594,31.077392578125,127.69593048095703,87.3902816772461,183.2100067138672
2023-05-23,396.4728088378906,326.84979248046875,30.590932846069336,126.36373138427734,87.64188385009766,183.42999267578125
2023-05-24,393.6004333496094,325.1731872558594,30.441408157348633,125.20732116699219,87.2081298828125,181.9499969482422
2023-05-25,397.0089416503906,333.08563232421875,37.859867095947266,125.51258087158203,86.99125671386719,180.1999969482422
2023-05-26,402.1504821777344,341.5960388183594,38.82281494140625,126.68751525878906,87.69391632080078,180.9199981689453
2023-05-30,402.3036804199219,343.14520263671875,39.984127044677734,127.1686019897461,88.57009887695312,182.0399932861328
2023-05-31,400.0728454589844,341.194091796875,37.714332580566406,125.54963684082031,89.34217071533203,182.32000732421875
2023-06-01,403.87396240234375,345.1355285644531,39.64420700073242,127.27959442138672,89.69266510009766,183.75999450683594
2023-06-02,409.71441650390625,347.7239990234375,39.20261001586914,129.9532470703125,88.70979309082031,181.0500030517578
2023-06-05,408.92926025390625,347.9691467285156,39.04710006713867,128.67652893066406,88.54454040527344,182.13999938964844
2023-06-06,409.81976318359375,347.9103088378906,38.531742095947266,128.90786743164062,89.06643676757812,182.33999633789062
2023-06-07,408.4027099609375,342.0079040527344,37.360321044921875,130.15676879882812,87.74433135986328,180.14999389648438
2023-06-08,410.8729248046875,346.2532653808594,38.39216613769531,130.1937713623047,88.77069091796875,182.52999877929688
2023-06-09,411.6101379394531,347.576904296875,38.6513671875,130.45281982421875,88.64893341064453,182.0399932861328
2023-06-12,415.3442687988281,353.44989013671875,39.36119079589844,130.44354248046875,88.90985870361328,181.8800048828125
2023-06-13,418.0826416015625,356.1658630371094,40.896480560302734,131.38720703125,88.0313949584961,180.5399932861328
2023-06-14,418.5804138183594,358.7542724609375,42.865440368652344,130.89688110351562,88.73589324951172,180.63999938964844
2023-06-15,423.769775390625,363.0290832519531,42.522491455078125,132.37709045410156,89.58831024169922,181.91000366210938
2023-06-16,422.326416015625,360.7445983886719,42.56136703491211,132.53436279296875,89.24037170410156,181.6300048828125
2023-06-20,420.13531494140625,360.2281799316406,43.673954010009766,131.85897827148438,89.85792541503906,179.75
2023-06-21,417.982666015625,355.319091796875,42.91328430175781,131.66476440429688,90.07537841796875,179.49000549316406
2023-06-22,419.491455078125,359.511474609375,42.893348693847656,129.12989807128906,88.9881362915039,177.7100067138672
2023-06-23,416.3200988769531,355.947509765625,42.07984161376953,128.4545135498047,89.87535858154297,178.1999969482422
2023-06-26,414.619140625,351.1758728027344,40.5076789855957,128.76907348632812,89.97100067138672,178.50999450683594
2023-06-27,419.16473388671875,357.2140808105469,41.747867584228516,128.77833557128906,89.73616790771484,177.69000244140625
2023-06-28,419.3760986328125,357.91119384765625,40.99119186401367,128.2139892578125,90.11888885498047,177.27999877929688
2023-06-29,421.02899169921875,357.1943664550781,40.697086334228516,132.69163513183594,88.49237060546875,177.08999633789062
2023-06-30,425.9974670410156,362.7024230957031,42.17255783081055,134.5511932373047,89.5361099243164,178.27000427246094
2023-07-03,426.4875793457031,363.5565490722656,42.28322219848633,135.633544921875,89.02851104736328,178.47000122070312
2023-07-05,425.8533630371094,363.54681396484375,42.18752670288086,134.73001098632812,88.18253326416016,177.83999633789062
2023-07-06,422.51861572265625,360.77801513671875,41.97418212890625,133.3979949951172,86.93537902832031,177.30999755859375
2023-07-07,421.45184326171875,359.58026123046875,42.37295150756836,134.4505615234375,86.41210174560547,178.63999938964844
2023-07-10,422.51861572265625,359.697998046875,42.050941467285156,135.20504760742188,86.52547454833984,178.77999877929688
2023-07-11,425.2095031738281,361.4751281738281,42.27524948120117,137.3195343017578,86.97026062011719,179.4499969482422
2023-07-12,428.6306457519531,366.0405578613281,43.76765823364258,137.99954223632812,87.93833923339844,181.8800048828125
2023-07-13,432.0326232910156,372.25543212890625,45.83632278442383,138.67018127441406,88.8628158569336,182.00999450683594
2023-07-14,431.7635498046875,372.1769714355469,45.329872131347656,139.508544921875,88.33954620361328,181.42999267578125
2023-07-17,433.2627258300781,375.6524963378906,46.3188362121582,142.87118530273438,88.38311767578125,181.55999755859375
2023-07-18,436.48211669921875,378.7255859375,47.348670959472656,143.1320037841797,88.78430938720703,183.63999938964844
2023-07-19,437.45281982421875,378.63720703125,46.93294906616211,143.68157958984375,89.78726196289062,183.6699981689453
2023-07-20,434.5504455566406,369.908935546875,45.380714416503906,145.45140075683594,88.69710540771484,182.74000549316406
2023-07-21,434.5504455566406,368.7994689941406,44.173423767089844,144.3336181640625,88.72325897216797,182.17999267578125
2023-07-24,436.49176025390625,369.3885498046875,44.475494384765625,147.17465209960938,88.40060424804688,181.39999389648438
2023-07-25,437.68341064453125,371.8922119140625,45.53923797607422,146.0755157470703,88.23485565185547,182.41000366210938
2023-07-26,437.75067138671875,370.65509033203125,45.312923431396484,146.95108032226562,88.32206726074219,183.3000030517578
2023-07-27,434.84844970703125,369.771484375,45.75955581665039,145.330322265625,86.60395812988281,180.4199981689453
2023-07-28,439.105712890625,376.5067443847656,46.606956481933594,146.1593475341797,87.0487289428711,181.86000061035156
2023-07-31,439.9417724609375,376.703125,46.58601760864258,147.13739013671875,87.2580795288086,182.35000610351562
2023-08-01,438.6828918457031,375.829345703125,46.364688873291016,146.4108428955078,85.82819366455078,180.4600067138672
2023-08-02,432.5804443359375,367.58203125,44.133544921875,144.75277709960938,84.90989685058594,179.60000610351562
2023-08-03,431.3407287597656,366.9929504394531,44.3787956237793,145.6376953125,82.95093536376953,179.5399932861328
2023-08-04,429.3898620605469,365.2747497558594,44.54328536987305,145.330322265625,84.420166015625,180.19000244140625
2023-08-07,433.1378173828125,368.3675231933594,45.27802658081055,146.0196075439453,83.58934783935547,179.77999877929688
2023-08-08,431.25421142578125,365.2355041503906,44.52733612060547,145.1999053955078,84.56008911132812,178.63999938964844
2023-08-09,428.3712158203125,361.2198181152344,42.42378616333008,143.2530975341797,84.99735260009766,177.7899932861328
2023-08-10,428.5249938964844,361.88751220703125,42.258296966552734,143.0388641357422,83.59807586669922,177.60000610351562
2023-08-11,428.2751159667969,359.58026123046875,40.7299919128418,143.8678741455078,83.40568542480469,177.60000610351562
2023-08-14,430.6391296386719,363.6154479980469,43.61912536621094,144.1659698486328,83.22201538085938,177.05999755859375
2023-08-15,425.6227111816406,359.7569885253906,43.80554962158203,140.4958953857422,82.71479797363281,176.58999633789062
2023-08-16,422.4994201660156,355.947509765625,43.352943420410156,139.89976501464844,82.06761932373047,175.57000732421875
2023-08-17,419.2799987792969,352.05950927734375,43.21137237548828,138.4466094970703,81.71778106689453,175.3000030517578
2023-08-18,419.4817810058594,351.61767578125,43.166507720947266,138.76332092285156,82.00640106201172,175.3300018310547
2023-08-21,422.2110595703125,357.2826843261719,46.82329559326172,139.23838806152344,80.9132080078125,175.80999755859375
2023-08-22,421.0675354003906,356.7721862792969,45.528263092041016,136.3507843017578,81.53414154052734,176.10000610351562
2023-08-23,425.7572326660156,362.39801025390625,46.97183609008789,137.27294921875,83.55435943603516,177.88999938964844
2023-08-24,419.8566589355469,354.6514892578125,47.018680572509766,137.14254760742188,83.00341033935547,177.85000610351562
2023-08-25,422.8165588378906,357.4006042480469,45.877193450927734,136.9748992919922,83.27450561523438,177.6199951171875
2023-08-28,425.4977722167969,360.0907287597656,46.69169235229492,137.44993591308594,83.3619613647461,178.1300048828125
2023-08-29,431.6482238769531,367.9550476074219,48.634727478027344,138.56771850585938,84.22773742675781,179.8699951171875
2023-08-30,433.42608642578125,370.0071105957031,49.11326217651367,138.00885009765625,84.14031982421875,180.32000732421875
2023-08-31,432.7917785644531,371.11651611328125,49.203983306884766,136.30421447753906,84.516357421875,180.02000427246094
2023-09-01,433.59912109375,370.72381591796875,48.360572814941406,136.76063537597656,83.19970703125,180.11000061035156
2023-09-05,431.72509765625,371.1951599121094,48.399452209472656,135.25164794921875,82.03309631347656,178.63999938964844
2023-09-06,428.8228454589844,367.9256286621094,46.920867919921875,135.02809143066406,82.23483276367188,177.8300018310547
2023-09-07,427.50628662109375,365.2944641113281,46.103309631347656,133.87301635742188,82.4629135131836,178.02000427246094
2023-09-08,428.1501159667969,365.8049621582031,45.436302185058594,133.97552490234375,82.7786865234375,178.0800018310547
2023-09-11,430.9659423828125,370.1150817871094,45.04347610473633,134.56236267089844,82.18222045898438,178.41000366210938
2023-09-12,428.6018371582031,366.0111083984375,44.736392974853516,136.31353759765625,82.65589904785156,177.49000549316406
2023-09-13,429.1015625,367.4053649902344,45.34955596923828,136.3787384033203,82.63833618164062,177.0800018310547
2023-09-14,432.8014221191406,370.4095764160156,45.445281982421875,139.02413940429688,82.0418472290039,177.1699981689453
2023-09-15,427.5869445800781,364.067138671875,43.76927185058594,138.61428833007812,81.5418701171875,178.33999633789062
2023-09-18,427.83770751953125,364.4466552734375,43.835079193115234,138.903076171875,82.00676727294922,179.38999938964844
2023-09-19,426.9504089355469,363.669921875,43.390411376953125,138.72607421875,81.40152740478516,179.22000122070312
2023-09-20,423.0253601074219,358.42926025390625,42.113224029541016,138.13926696777344,81.6559066772461,179.35000610351562
2023-09-21,416.0334167480469,351.8612060546875,40.894859313964844,137.05873107910156,79.55948638916016,178.0500030517578
2023-09-22,415.0979919433594,351.910400390625,41.48609924316406,135.7452850341797,80.19982147216797,178.6199951171875
2023-09-25,416.843505859375,353.58184814453125,42.09627151489258,136.4159698486328,78.22615814208984,177.6999969482422
2023-09-26,410.7195129394531,348.27239990234375,41.78620147705078,135.00010681152344,77.95423126220703,176.27999877929688
2023-09-27,410.8834533691406,349.0884704589844,42.34153747558594,135.7918701171875,77.55075073242188,174.10000610351562
2023-09-28,413.26556396484375,352.0086975097656,42.96068572998047,137.47789001464844,77.78759002685547,173.22999572753906
2023-09-29,412.26251220703125,352.2643127441406,43.369468688964844,135.08399963378906,77.79638671875,171.4499969482422
2023-10-02,412.0986328125,355.2041931152344,44.648658752441406,133.9196319580078,76.4940414428711,169.64999389648438
2023-10-03,406.5823059082031,348.97052001953125,43.38741683959961,132.93223571777344,74.84852600097656,169.16000366210938
2023-10-04,409.5429382324219,353.7195129394531,43.909854888916016,133.52838134765625,75.90447235107422,169.13999938964844
2023-10-05,409.3886413574219,352.6773376464844,44.554935455322266,134.09141540527344,75.52608489990234,168.8300018310547
2023-10-06,414.2492370605469,358.5865783691406,45.625732421875,136.15582275390625,74.61092376708984,169.6999969482422
2023-10-09,416.90130615234375,360.4154052734375,45.138187408447266,135.8461151123047,76.3620376586914,172.82000732421875
2023-10-10,419.0713195800781,362.411376953125,45.66162872314453,136.67189025878906,76.2564468383789,172.52999877929688
2023-10-11,420.7878723144531,364.9972229003906,46.666622161865234,137.1410369873047,77.84915924072266,173.7899932861328
2023-10-12,418.2225646972656,363.7288513183594,46.805206298828125,136.822021484375,75.7372817993164,173.25999450683594
2023-10-13,416.1394958496094,359.1568603515625,45.32562255859375,138.87704467773438,77.09239196777344,178.8300018310547
2023-10-16,420.5178527832031,363.21759033203125,45.957740783691406,138.73629760742188,75.8516616821289,177.9600067138672
2023-10-17,420.4985656738281,362.0279541015625,43.80716323852539,138.43600463867188,75.01571655273438,178.2899932861328
2023-10-18,414.8953552246094,357.2789001464844,42.07035446166992,136.91586303710938,74.35576629638672,180.8699951171875
2023-10-19,411.25,353.93585205078125,41.975643157958984,136.3340606689453,72.83342742919922,183.08999633789062
2023-10-20,406.19647216796875,348.6558532714844,41.26375961303711,134.1383056640625,73.24700927734375,183.58999633789062
2023-10-23,405.4924621582031,349.7079162597656,42.84703063964844,132.30853271484375,74.12694549560547,182.97000122070312
2023-10-24,408.54962158203125,353.1099853515625,43.532981872558594,132.4680633544922,75.10371398925781,182.9499969482422
2023-10-25,402.6861267089844,344.46722412109375,41.65459060668945,131.74549865722656,73.43179321289062,183.72000122070312
2023-10-26,397.8640441894531,337.89923095703125,40.20591735839844,132.0833282470703,74.55810546875,184.00999450683594
2023-10-27,396.0606384277344,339.5215759277344,40.37940216064453,127.32584381103516,74.24136352539062,186.14999389648438
2023-10-30,400.79583740234375,343.3464050292969,41.03843688964844,128.94920349121094,73.906982421875,185.10000610351562
2023-10-31,403.3129577636719,344.9883728027344,40.658565521240234,130.48814392089844,73.54621124267578,184.08999633789062
2023-11-01,407.6142578125,350.9762878417969,42.198978424072266,130.3755340576172,75.14082336425781,183.50999450683594
2023-11-02,415.42584228515625,357.34765625,43.376441955566406,132.70262145996094,76.85379791259766,184.1199951171875
2023-11-03,419.21588134765625,361.5461120605469,44.87099075317383,134.1852569580078,77.37474060058594,184.7899932861328
2023-11-06,420.1803283691406,363.02093505859375,45.614768981933594,135.19869995117188,76.62421417236328,183.35000610351562
2023-11-07,421.37615966796875,366.45245361328125,45.81815719604492,135.1329803466797,77.75442504882812,182.58999633789062
2023-11-08,421.6847839355469,366.6883850097656,46.4353141784668,135.79922485351562,79.07888793945312,180.77000427246094
2023-11-09,418.39617919921875,363.8664855957031,46.8101921081543,135.39572143554688,77.25996398925781,181.49000549316406
2023-11-10,424.9252014160156,372.0470275878906,48.19107437133789,137.40380859375,77.69263458251953,179.50999450683594
2023-11-13,424.5201416015625,370.8868103027344,48.475223541259766,136.7938690185547,77.51602935791016,180.50999450683594
2023-11-14,432.7561340332031,378.8706970214844,49.508140563964844,139.2899169921875,79.27313995361328,182.1199951171875
2023-11-15,433.6723327636719,379.1558837890625,48.742435455322266,140.50978088378906,78.16057586669922,181.63999938964844
2023-11-16,434.20269775390625,379.4803466796875,49.33266067504883,142.11439514160156,79.1318588256836,183.69000244140625
2023-11-17,434.7428283691406,379.5688781738281,49.15121078491211,143.3999481201172,79.5027084350586,183.6699981689453
2023-11-20,438.0892639160156,384.1900329589844,50.25889587402344,143.8409423828125,79.98834991455078,183.3699951171875
2023-11-21,437.1344909667969,381.9581298828125,49.79528045654297,143.54067993164062,79.95304107666016,185.35000610351562
2023-11-22,438.82220458984375,383.52142333984375,48.57093048095703,143.87850952148438,80.23558044433594,184.55999755859375
2023-11-24,439.09222412109375,382.98065185546875,47.63373565673828,144.07553100585938,79.29080200195312,185.52000427246094
2023-11-27,438.30145263671875,382.6463928222656,48.098350524902344,143.7471160888672,80.61528015136719,186.77000427246094
2023-11-28,438.7353820800781,383.64923095703125,47.67859649658203,144.07553100585938,80.77418518066406,189.25999450683594
2023-11-29,438.42681884765625,383.2756042480469,47.99665451049805,144.8074493408203,81.78959655761719,189.5399932861328
2023-11-30,440.1530456542969,382.3120422363281,46.630733489990234,146.458984375,80.84485626220703,188.75
2023-12-01,442.75701904296875,383.4034729003906,46.62574768066406,147.17210388183594,82.36747741699219,192.00999450683594
2023-12-04,440.4327392578125,379.8441467285156,45.37448501586914,148.25125122070312,82.03972625732422,187.86000061035156
2023-12-05,440.3459777832031,380.79791259765625,46.43143081665039,148.2324676513672,83.80240631103516,187.14999389648438
2023-12-06,438.5715026855469,378.5954284667969,45.37149429321289,146.67478942871094,84.91848754882812,187.83999633789062
2023-12-07,441.9179382324219,383.88525390625,46.461334228515625,147.12521362304688,84.43128204345703,188.14999389648438
2023-12-08,443.81781005859375,385.5960998535156,47.36870574951172,148.74856567382812,83.74040222167969,185.63999938964844
2023-12-11,445.5440979003906,388.8899230957031,46.49224853515625,149.29281616210938,83.56324005126953,183.58999633789062
2023-12-12,447.5789489746094,391.9871520996094,47.51927185058594,150.62527465820312,83.81127166748047,183.49000549316406
2023-12-13,453.75115966796875,396.9720764160156,47.94902038574219,151.1320037841797,85.77765655517578,187.6300048828125
2023-12-14,455.20745849609375,396.6280212402344,48.21026611328125,153.8813934326172,88.00900268554688,188.72999572753906
2023-12-15,454.4579162597656,398.54534912109375,48.74871063232422,155.04495239257812,88.10675048828125,187.0
2023-12-18,457.0143127441406,401.0555725097656,49.93227005004883,155.98333740234375,87.40472412109375,187.85000610351562
2023-12-19,459.7933044433594,403.10479736328125,49.460636138916016,158.06646728515625,87.87570190429688,189.1300048828125
2023-12-20,453.421875,397.11480712890625,47.97195816040039,156.28359985351562,88.47107696533203,188.10000610351562
2023-12-21,457.7211608886719,401.7353820800781,48.84841537475586,157.17503356933594,87.91124725341797,189.42999267578125
2023-12-22,458.6409912109375,402.3363342285156,48.68888473510742,157.08119201660156,87.51138305664062,190.27000427246094
2023-12-26,460.57763671875,404.79931640625,49.13657760620117,158.01014709472656,87.76017761230469,191.72000122070312
2023-12-27,461.4104309082031,405.6233825683594,49.27418518066406,158.9578857421875,89.31526184082031,192.58999633789062
2023-12-28,461.5846862792969,405.42626953125,49.378875732421875,159.8024139404297,88.66658020019531,191.47000122070312
2023-12-29,460.2483825683594,403.67169189453125,49.378875732421875,159.61477661132812,87.86683654785156,191.1699981689453
2024-01-02,457.6727294921875,396.8406982421875,48.02879333496094,161.47271728515625,87.36029815673828,190.72000122070312
2024-01-03,453.93499755859375,392.64154052734375,47.431522369384766,160.76895141601562,87.72461700439453,189.1300048828125
2024-01-04,452.4728698730469,390.62078857421875,47.85928726196289,161.83583068847656,86.39171600341797,189.32000732421875
2024-01-05,453.09259033203125,391.0841064453125,48.955108642578125,162.64776611328125,85.56526947021484,189.35000610351562
2024-01-08,459.5609130859375,399.1669616699219,52.10198211669922,162.41177368164062,86.40950012207031,187.8699951171875
2024-01-09,458.86376953125,399.9555969238281,52.986419677734375,161.12771606445312,85.85851287841797,187.92999267578125
2024-01-10,461.4588317871094,402.666259765625,54.19292449951172,161.4676055908203,85.45864868164062,187.5
2024-01-11,461.2554626464844,403.50408935546875,54.6635627746582,160.78781127929688,85.93852233886719,187.8699951171875
2024-01-12,461.57501220703125,403.71112060546875,54.551883697509766,159.60763549804688,85.76966094970703,189.7100067138672
2024-01-16,459.8805236816406,403.67169189453125,56.21905517578125,158.6068572998047,84.25900268554688,187.91000366210938
2024-01-17,457.32415771484375,401.3946838378906,55.89100646972656,157.757080078125,84.12572479248047,185.83999633789062
2024-01-18,461.39105224609375,407.0921936035156,56.94195556640625,158.06869506835938,83.34375,187.3699951171875
2024-01-19,467.142822265625,415.1651611328125,59.31906509399414,160.79727172851562,83.61033630371094,187.92999267578125
2024-01-22,468.1305236816406,415.7073669433594,59.481597900390625,160.6084442138672,84.10796356201172,187.22000122070312
2024-01-23,469.49578857421875,417.432373046875,59.69997024536133,159.5509796142578,83.44149780273438,187.9499969482422
2024-01-24,470.009033203125,419.7488098144531,61.184661865234375,160.9766387939453,82.95275115966797,186.39999389648438
2024-01-25,472.5654296875,420.2613830566406,61.438926696777344,163.28036499023438,83.4947738647461,187.13999938964844
2024-01-26,471.9649963378906,417.75762939453125,60.854618072509766,162.6572265625,83.33484649658203,187.00999450683594
2024-01-29,475.7027282714844,422.03564453125,62.28447341918945,163.0821075439453,84.29454803466797,188.3300018310547
2024-01-30,475.3346862792969,419.226318359375,62.59257888793945,166.42437744140625,85.05877685546875,188.58999633789062
2024-01-31,467.5785827636719,411.0153503417969,61.34918975830078,164.6210479736328,85.89407348632812,188.4499969482422
2024-02-01,473.6983337402344,415.8552551269531,62.844852447509766,164.0262451171875,87.5789794921875,190.41000366210938
2024-02-02,478.6851501464844,422.8833923339844,65.96878814697266,164.97036743164062,85.64446258544922,188.61000061035156
2024-02-05,476.942138671875,422.33135986328125,69.13162994384766,164.75323486328125,83.91498565673828,187.57000732421875
2024-02-06,478.32684326171875,421.483642578125,68.02583312988281,165.31973266601562,84.73516845703125,188.5500030517578
2024-02-07,482.3163146972656,425.8207702636719,69.89640045166016,165.63128662109375,84.3250732421875,188.5
2024-02-08,482.5292663574219,426.609375,69.43972778320312,165.03646850585938,83.83477020263672,188.3300018310547
2024-02-09,485.3180847167969,430.8085021972656,71.92455291748047,165.23475646972656,83.6653823852539,187.60000610351562
2024-02-12,485.1050109863281,429.12298583984375,72.0392074584961,165.97116088867188,83.76342010498047,187.11000061035156
2024-02-13,478.4236145019531,422.429931640625,71.9195556640625,164.52664184570312,82.32817077636719,184.52999877929688
2024-02-14,482.7713928222656,427.03326416015625,73.68643951416016,166.19778442382812,82.74713897705078,184.4199981689453
2024-02-15,486.1023864746094,428.3048400878906,72.4480209350586,169.8232879638672,83.17506408691406,185.66000366210938
2024-02-16,483.681640625,424.42108154296875,72.40313720703125,169.0301971435547,82.69366455078125,186.33999633789062
2024-02-20,481.0187683105469,421.217529296875,69.25128173828125,169.6911163330078,82.76498413085938,187.47000122070312
2024-02-21,481.4544372558594,419.5319519042969,67.2770004272461,170.7957763671875,82.17658996582031,187.47999572753906
2024-02-22,491.4184265136719,431.81402587890625,78.31102752685547,172.8445587158203,82.57776641845703,187.55999755859375
2024-02-23,491.7572937011719,430.54241943359375,78.58922576904297,173.7131805419922,83.68321990966797,188.6199951171875
2024-02-26,489.95623779296875,430.315673828125,78.86344146728516,173.1183624267578,83.43360900878906,188.1999969482422
2024-02-27,490.8664855957031,431.3507080078125,78.47354888916016,173.20333862304688,82.84519958496094,188.0
2024-02-28,490.2176818847656,429.0539855957031,77.43855285644531,174.08140563964844,83.37118530273438,188.33999633789062
2024-02-29,491.9800109863281,432.730712890625,78.88335418701172,175.66754150390625,83.95956420898438,189.30999755859375
2024-03-01,496.5988464355469,439.2462463378906,82.04119873046875,174.94053649902344,84.48273468017578,192.88999938964844
2024-03-04,496.0662841796875,437.6789855957031,84.99066162109375,176.25289916992188,84.14290618896484,196.00999450683594
2024-03-05,491.1085205078125,429.8228454589844,85.71958923339844,178.01844787597656,85.34125518798828,197.19000244140625
2024-03-06,493.5970764160156,432.52374267578125,88.44779968261719,178.94371032714844,85.84204864501953,198.80999755859375
2024-03-07,498.4967346191406,439.088623046875,92.40552520751953,177.37644958496094,85.76154327392578,199.94000244140625
2024-03-08,495.5046691894531,432.7503967285156,87.27913665771484,177.70692443847656,85.60951232910156,201.6300048828125
2024-03-11,495.0785827636719,431.1437683105469,85.5301284790039,177.7729949951172,85.5647964477539,202.0
2024-03-12,500.40435791015625,437.32421875,91.65167236328125,179.23641967773438,84.8493881225586,199.7899932861328
2024-03-13,499.6199951171875,433.9628601074219,90.62957763671875,180.69039916992188,84.43800354003906,201.19000244140625
2024-03-14,498.63232421875,432.86871337890625,87.69395446777344,177.47085571289062,83.14130401611328,200.35000610351562
2024-03-15,495.2084655761719,427.7232666015625,87.5872573852539,179.67068481445312,83.11446380615234,199.7100067138672
2024-03-18,498.1515197753906,431.80267333984375,88.20350646972656,181.8988800048828,82.86408233642578,200.02999877929688
2024-03-19,500.91986083984375,432.8785095214844,89.1438217163086,182.9657745361328,83.09656524658203,199.8000030517578
2024-03-20,505.552978515625,438.010986328125,90.11505126953125,185.36390686035156,83.06974792480469,202.17999267578125
2024-03-21,507.22369384765625,440.0837707519531,91.1750259399414,187.94143676757812,83.24860382080078,201.97000122070312
2024-03-22,506.2620849609375,440.58709716796875,94.0208969116211,185.6376953125,84.0445327758789,200.35000610351562
2024-03-25,504.86334228515625,438.9881896972656,94.73188018798828,183.93826293945312,83.62419128417969,200.99000549316406
2024-03-26,503.9308776855469,437.5668029785156,92.2978286743164,184.7974090576172,83.85670471191406,201.63999938964844
2024-03-27,508.1658935546875,439.05718994140625,89.99339294433594,188.37574768066406,84.68840789794922,203.10000610351562
2024-03-28,508.0687561035156,438.2479248046875,90.0990982055664,189.11215209960938,84.61682891845703,205.72000122070312
2024-04-01,507.184814453125,439.1756896972656,90.10607147216797,187.828125,83.03951263427734,207.82000732421875
2024-04-02,503.96002197265625,435.385498046875,89.19766998291016,187.75257873535156,82.58192443847656,210.88999938964844
2024-04-03,504.5136413574219,436.3626403808594,88.71105194091797,187.22389221191406,82.56398010253906,212.74000549316406
2024-04-04,498.35546875,429.6903991699219,85.66073608398438,185.7993927001953,83.15616607666016,211.52000427246094
2024-04-05,503.5617370605469,434.7538146972656,87.75777435302734,187.50877380371094,81.99869537353516,215.13999938964844
2024-04-08,503.84344482421875,434.88214111328125,86.88526153564453,188.48692321777344,81.98975372314453,216.47999572753906
2024-04-09,504.42626953125,436.49102783203125,85.1113052368164,187.223876953125,82.75240325927734,217.6699981689453
2024-04-10,499.37542724609375,432.68109130859375,86.7915267944336,185.62844848632812,80.94896697998047,215.61000061035156
2024-04-11,503.1441345214844,439.5902099609375,90.35836029052734,185.5904541015625,80.5810775756836,219.8000030517578
2024-04-12,496.1991882324219,432.58233642578125,87.93527221679688,173.5868682861328,81.01174926757812,216.88999938964844
2024-04-15,489.98272705078125,425.4659423828125,85.7564697265625,173.68186950683594,79.7556381225586,220.9499969482422
2024-04-16,489.089111328125,425.50543212890625,87.16645050048828,171.6970672607422,79.22624969482422,221.22000122070312
2024-04-17,486.194580078125,420.31365966796875,83.79605865478516,171.01332092285156,80.10554504394531,219.58999633789062
2024-04-18,485.1941223144531,417.91522216796875,84.43025207519531,172.12442016601562,79.70176696777344,220.33999633789062
2024-04-19,480.95916748046875,409.2689208984375,75.98334503173828,176.44529724121094,79.98890686035156,221.02999877929688
2024-04-22,485.388427734375,413.3848571777344,79.29190826416016,179.87356567382812,79.85431671142578,215.57000732421875
2024-04-23,491.1483154296875,419.5537109375,82.18864440917969,182.46612548828125,79.8812255859375,215.0399932861328
2024-04-24,490.9151916503906,420.97503662109375,79.45045471191406,183.35879516601562,79.31596374511719,214.63999938964844
2024-04-25,489.0502624511719,418.94171142578125,82.39706420898438,183.6342010498047,78.75965881347656,215.9199981689453
2024-04-26,493.6834716796875,425.40673828125,87.48554992675781,183.74813842773438,79.17239379882812,216.6199951171875
2024-04-29,495.4317932128906,427.1340026855469,87.50749206542969,183.5487060546875,79.83638000488281,216.17999267578125
2024-04-30,487.58355712890625,419.0799255371094,86.1563491821289,182.0862579345703,79.15447235107422,211.8699951171875
2024-05-01,486.00030517578125,416.0498046875,82.80487823486328,182.20022583007812,79.73790740966797,213.7899932861328
2024-05-02,490.5460205078125,421.3599548339844,85.572998046875,182.01028442382812,80.08006286621094,213.1300048828125
2024-05-03,496.6265563964844,429.82861328125,88.53654479980469,180.9181671142578,80.89039611816406,212.9600067138672
2024-05-06,501.755126953125,434.53668212890625,91.87802124023438,182.33316040039062,81.2055435180664,215.1999969482422
2024-05-07,502.308837890625,434.605712890625,90.29652404785156,182.0957489013672,81.70075988769531,214.2100067138672
2024-05-08,502.3573303222656,434.3491516113281,90.1549301147461,185.7993927001953,81.2055435180664,213.5800018310547
2024-05-09,505.2518005371094,435.29669189453125,88.49467468261719,187.55625915527344,81.60171508789062,216.9499969482422
2024-05-10,505.90264892578125,436.32318115234375,89.6224594116211,188.76231384277344,81.14251708984375,218.7100067138672
2024-05-13,505.97064208984375,437.32989501953125,90.14197540283203,188.7243194580078,81.3495864868164,216.25999450683594
2024-05-14,508.2920837402344,440.14300537109375,91.09625244140625,191.36434936523438,81.80879974365234,218.08999633789062
2024-05-15,514.5863037109375,447.0224609375,94.3609390258789,191.9341278076172,82.9252700805664,220.88999938964844
2024-05-16,513.5275268554688,446.1144714355469,94.0907211303711,192.27601623535156,82.8442611694336,220.02999877929688
2024-05-17,514.2657470703125,445.8973083496094,92.216064453125,194.47921752929688,82.2859878540039,223.66000366210938
2024-05-20,514.8582763671875,449.0064392089844,94.5105209350586,185.73292541503906,82.04289245605469,224.55999755859375
2024-05-21,516.1210327148438,449.8849182128906,95.11479187011719,189.4745635986328,82.46607971191406,224.22999572753906
2024-05-22,514.6348876953125,449.7960510253906,94.68001556396484,188.3254852294922,82.56512451171875,220.11000061035156
2024-05-23,510.8758544921875,447.7726745605469,103.5038833618164,187.0054473876953,82.03388977050781,215.72000122070312
2024-05-24,514.2560424804688,452.0069885253906,106.1662826538086,190.60464477539062,82.27699279785156,215.9199981689453
2024-05-28,514.6153564453125,453.71453857421875,113.57714080810547,189.45558166503906,81.09749603271484,218.19000244140625
2024-05-29,511.0118713378906,450.5165710449219,114.49852752685547,188.13552856445312,80.1160888671875,216.16000366210938
2024-05-30,507.62188720703125,445.69000244140625,110.18582153320312,189.2941131591797,80.89039611816406,216.57000732421875
2024-05-31,512.2454223632812,444.86090087890625,109.32128143310547,192.427978515625,81.43962860107422,215.3000030517578
2024-06-03,512.6629638671875,447.24957275390625,114.67301177978516,191.6587677001953,82.75688934326172,217.22000122070312
2024-06-04,513.2361450195312,448.4734191894531,116.1059341430664,189.13267517089844,83.7236099243164,215.27000427246094
2024-06-05,519.3360595703125,457.5145263671875,122.09186553955078,187.32833862304688,84.33792877197266,217.82000732421875
2024-06-06,519.3262329101562,457.3566589355469,120.65396881103516,186.9959716796875,84.21146392822266,219.42999267578125
2024-06-07,518.6950073242188,456.9519348144531,120.5442886352539,189.88291931152344,82.66654205322266,211.60000610351562
2024-06-10,520.297607421875,458.79766845703125,121.44371795654297,189.55999755859375,82.11542510986328,213.5399932861328
2024-06-11,521.5505981445312,461.9462585449219,120.57611846923828,184.57435607910156,82.96469116210938,214.14999389648438
2024-06-12,525.8341064453125,467.9966735839844,124.8542709350586,181.88682556152344,83.58805847167969,214.72000122070312
2024-06-13,526.8929443359375,470.53338623046875,129.25209045410156,183.9095916748047,84.8167724609375,212.97000122070312
2024-06-14,527.2134399414062,472.9713134765625,131.51583862304688,184.02354431152344,85.530517578125,215.72999572753906
2024-06-17,531.4094848632812,478.7651672363281,130.6183319091797,185.16310119628906,84.6812515258789,214.61000061035156
2024-06-18,532.759521484375,478.9132385253906,135.2056121826172,187.08143615722656,85.45821380615234,215.47000122070312
2024-06-20,531.3125,475.2217712402344,130.4188690185547,188.66732788085938,84.88903045654297,218.16000366210938
2024-06-21,530.6001586914062,473.9485168457031,126.22049713134766,186.4166717529297,84.88903045654297,214.77999877929688
2024-06-24,528.8753051757812,468.5527038574219,117.78385162353516,188.8667449951172,85.23236846923828,215.6300048828125
2024-06-25,530.9119873046875,473.910888671875,125.74180603027344,188.09754943847656,85.37692260742188,214.55999755859375
2024-06-26,531.5745239257812,474.8896484375,126.05094909667969,187.48976135253906,84.15725708007812,212.5800018310547
2024-06-27,532.41259765625,476.115478515625,123.64761352539062,189.1421661376953,84.49152374267578,214.99000549316406
2024-06-28,530.3175048828125,473.6440124511719,123.19886016845703,192.07659912109375,82.91950988769531,215.00999450683594
2024-07-01,531.4088745117188,476.4219665527344,123.95675659179688,195.10597229003906,81.48841094970703,215.57000732421875
2024-07-02,534.9852294921875,481.42425537109375,122.33126068115234,198.31581115722656,82.12284851074219,215.55999755859375
2024-07-03,537.3726196289062,485.43792724609375,127.92578125,198.18287658691406,83.20137786865234,217.99000549316406
2024-07-05,540.4713134765625,490.49945068359375,125.4825439453125,195.5568389892578,83.89019012451172,220.92999267578125
2024-07-08,541.0949096679688,491.666015625,127.8459701538086,195.91970825195312,84.07145690917969,218.19000244140625
2024-07-09,541.6211547851562,492.0911560058594,131.01722717285156,198.26878356933594,83.69985961914062,218.55999755859375
2024-07-10,546.980712890625,497.2218933105469,134.53750610351562,198.43113708496094,83.9626693725586,219.36000061035156
2024-07-11,542.2643432617188,486.3177795410156,127.04820251464844,198.09689331054688,84.77839660644531,223.25
2024-07-12,545.6845703125,489.1747741699219,128.88314819335938,195.70008850097656,85.14093780517578,223.11000061035156
2024-07-15,547.1853637695312,490.4896240234375,128.0853271484375,200.5796661376953,84.1620864868164,223.8300018310547
2024-07-16,550.4302978515625,490.6774597167969,126.01107025146484,203.98875427246094,85.3493881225586,228.2899932861328
2024-07-17,542.712646484375,476.2736511230469,117.66417694091797,207.0922088623047,85.36750030517578,227.22999572753906
2024-07-18,538.5418701171875,474.01971435546875,120.755615234375,200.51284790039062,84.7149658203125,225.77999877929688
2024-07-19,534.9656372070312,469.818115234375,117.60435485839844,200.32186889648438,84.21646881103516,221.72999572753906
2024-07-22,540.481201171875,476.81744384765625,123.19886016845703,200.79931640625,83.97175598144531,221.8000030517578
2024-07-23,539.6331787109375,475.13677978515625,122.25148010253906,200.84707641601562,83.85392761230469,222.5800018310547
2024-07-24,527.4039306640625,458.0934753417969,113.93452453613281,199.18551635742188,82.9476089477539,221.8000030517578
2024-07-25,524.6559448242188,453.0417785644531,111.96995544433594,199.26193237304688,83.62735748291016,218.3300018310547
2024-07-26,530.531982421875,457.68817138671875,112.74779510498047,202.6709747314453,84.27991485595703,220.6300048828125
2024-07-29,530.84375,458.6075439453125,111.2818603515625,201.3436279296875,84.73308563232422,220.32000732421875
2024-07-30,528.1542358398438,452.3101806640625,103.44357299804688,205.4879608154297,85.05935668945312,222.52000427246094
2024-07-31,536.7391967773438,465.69573974609375,116.69685363769531,203.20571899414062,85.9294204711914,226.5500030517578
2024-08-01,529.1384887695312,454.4159240722656,108.90843200683594,198.5839080810547,86.67057037353516,225.77000427246094
2024-08-02,519.2866821289062,443.6303405761719,106.97377014160156,190.16160583496094,89.3713607788086,225.33999633789062
2024-08-05,504.16314697265625,430.4030456542969,100.17261505126953,186.1127471923828,89.8442153930664,222.47999572753906
2024-08-06,508.8113098144531,434.5155944824219,103.96212768554688,191.30746459960938,87.83454895019531,220.6999969482422
2024-08-07,505.410400390625,429.8098449707031,98.63687896728516,191.36474609375,87.21617126464844,220.5500030517578
2024-08-08,517.0942993164062,442.9581604003906,104.68013763427734,194.85977172851562,86.67964935302734,224.00999450683594
2024-08-09,519.3743286132812,445.27142333984375,104.46073913574219,196.52130126953125,87.53446960449219,224.55999755859375
2024-08-12,519.6473999023438,446.2303771972656,108.71894836425781,196.8937530517578,87.85273742675781,228.41000366210938
2024-08-13,528.1931762695312,457.30255126953125,115.81929779052734,198.56483459472656,88.46200561523438,228.05999755859375
2024-08-14,529.8594360351562,457.4508972167969,117.75395202636719,200.76112365722656,89.01668548583984,226.1999969482422
2024-08-15,538.94140625,469.007568359375,122.52073669433594,202.01206970214844,88.2983169555664,226.91000366210938
2024-08-16,540.149658203125,469.610595703125,124.23597717285156,204.32296752929688,88.60749816894531,231.99000549316406
2024-08-19,545.3143920898438,475.7793273925781,129.64100646972656,205.7362518310547,89.01668548583984,231.61000061035156
2024-08-20,544.4276123046875,474.7809143066406,126.89861297607422,204.84815979003906,89.7259750366211,232.4600067138672
2024-08-21,546.2984619140625,476.9953308105469,128.14517211914062,204.924560546875,89.78054809570312,232.14999389648438
2024-08-22,542.0109252929688,469.4325866699219,123.3982925415039,206.863037109375,88.8893814086914,229.3699951171875
2024-08-23,547.7699584960938,474.5238342285156,129.01275634765625,208.46726989746094,89.47137451171875,232.02000427246094
2024-08-26,546.4641723632812,469.91705322265625,126.11080932617188,209.28851318359375,89.24402618408203,232.75999450683594
2024-08-27,547.2145385742188,471.32086181640625,127.94574737548828,210.2529754638672,89.08943939208984,233.38999938964844
2024-08-28,544.0377807617188,465.9725341796875,125.26315307617188,211.31292724609375,88.98030853271484,231.75
2024-08-29,544.08642578125,465.29046630859375,117.26528930664062,212.19143676757812,88.68933868408203,232.9499969482422
2024-08-30,549.2803344726562,470.8363952636719,119.04037475585938,214.6646728515625,87.74361419677734,231.2899932861328
2024-09-03,537.976806640625,456.5413513183594,107.70177459716797,210.36756896972656,89.17864227294922,230.2899932861328
2024-09-04,536.8756103515625,455.3550720214844,105.91671752929688,209.4413299560547,90.32818603515625,230.42999267578125
2024-09-05,535.5697631835938,455.7801818847656,106.9139633178711,207.81793212890625,90.8390884399414,232.35000610351562
2024-09-06,526.5560302734375,443.5710754394531,102.54605865478516,202.8810577392578,90.82994842529297,230.6300048828125
2024-09-09,532.4514770507812,449.2752685546875,106.17598724365234,207.03492736816406,91.22224426269531,231.60000610351562
2024-09-10,534.770751953125,453.4273376464844,107.80149841308594,196.29212951660156,91.86088562011719,232.6199951171875
2024-09-11,540.2570190429688,463.273681640625,116.58717346191406,197.88682556152344,91.78789520263672,232.25
2024-09-12,544.8077392578125,467.8211975097656,118.82117462158203,197.2852325439453,91.35908508300781,236.3300018310547
2024-09-13,547.6530151367188,469.91705322265625,118.78128051757812,195.1080322265625,91.60542297363281,238.67999267578125
2024-09-16,548.4619140625,467.8409423828125,116.46748352050781,198.48843383789062,92.44475555419922,238.66000366210938
2024-09-17,548.6859741210938,468.0881042480469,115.28067016601562,199.8157501220703,91.9977035522461,237.33999633789062
2024-09-18,547.0587158203125,466.0614929199219,113.06661987304688,198.17330932617188,90.8573226928711,235.50999450683594
2024-09-19,556.3938598632812,477.845458984375,117.55457305908203,200.99034118652344,90.5562515258789,239.1699981689453
2024-09-20,555.4320678710938,476.93603515625,115.68958282470703,201.5727996826172,90.20958709716797,242.2100067138672
2024-09-23,556.8200073242188,478.2002258300781,115.94888305664062,201.90701293945312,90.01798248291016,242.67999267578125
2024-09-24,558.4132690429688,480.50689697265625,120.54653930664062,202.05026245117188,89.999755859375,246.07000732421875
2024-09-25,557.1817016601562,480.952392578125,123.17948150634766,200.71337890625,89.25165557861328,245.72999572753906
2024-09-26,559.3907470703125,484.5657958984375,123.70806121826172,200.32186889648438,89.46148681640625,246.97999572753906
2024-09-27,558.5794677734375,481.873046875,121.07513427734375,201.00941467285156,89.9267807006836,245.02000427246094
2024-09-30,560.8177490234375,483.17987060546875,121.11502075195312,201.3531951904297,89.49798583984375,243.05999755859375
2024-10-01,555.793701171875,476.44793701171875,116.6868896484375,197.70541381835938,90.1441650390625,245.61000061035156
2024-10-02,556.0283813476562,477.1211853027344,118.53195190429688,197.94410705566406,89.38450622558594,245.66000366210938
2024-10-03,555.0118408203125,476.7647705078125,122.521240234375,195.97702026367188,88.54244995117188,245.49000549316406
2024-10-04,560.0553588867188,482.4373474121094,124.58570861816406,202.9329376220703,87.45329284667969,245.0
2024-10-07,554.9921875,477.2696533203125,127.37820434570312,202.65431213378906,86.79429626464844,244.1699981689453
2024-10-08,560.2411499023438,484.3974609375,132.5343780517578,202.4813690185547,86.94071960449219,242.3699951171875
2024-10-09,564.12158203125,488.20892333984375,132.29502868652344,205.046630859375,86.4465103149414,241.0500030517578
2024-10-10,563.1343994140625,487.654541015625,134.44924926757812,204.48939514160156,86.10784149169922,242.82000732421875
2024-10-11,566.506591796875,488.41680908203125,134.43927001953125,213.56863403320312,85.76004791259766,245.47000122070312
2024-10-14,571.1395874023438,492.5153503417969,137.70053100585938,212.79039001464844,85.82410430908203,245.07000732421875
2024-10-15,566.7020263671875,485.9319763183594,131.2478485107422,213.6646728515625,86.86752319335938,245.9199981689453
2024-10-16,569.1651611328125,485.9913635253906,135.3568115234375,214.86566162109375,87.23363494873047,247.14999389648438
2024-10-17,569.2139892578125,486.3279724121094,136.56356811523438,215.61505126953125,85.8515853881836,248.6300048828125
2024-10-18,571.403564453125,489.5157470703125,137.63070678710938,216.5277862548828,85.9156494140625,251.27000427246094
2024-10-21,570.4652099609375,490.4561767578125,143.32542419433594,214.25074768066406,84.41461944580078,251.22000122070312
2024-10-22,570.1621704101562,490.99078369140625,143.2057647705078,215.32679748535156,84.49698638916016,253.92999267578125
2024-10-23,564.9524536132812,483.4669189453125,139.18653869628906,214.6446990966797,84.26817321777344,250.8699951171875
2024-10-24,566.1741943359375,487.3872375488281,140.0342559814453,216.15309143066406,84.8082046508789,252.8000030517578
2024-10-25,565.9786987304688,490.357177734375,141.16122436523438,213.5878448486328,84.33224487304688,253.32000732421875
2024-10-28,567.7283935546875,490.4364013671875,140.1439666748047,216.65267944335938,84.10343170166016,253.3300018310547
2024-10-29,568.6470947265625,495.148681640625,140.8719940185547,214.1546630859375,84.23155212402344,256.0899963378906
2024-10-30,566.9268188476562,491.4065856933594,138.96710205078125,215.60543823242188,84.47869110107422,257.5
2024-10-31,555.8134155273438,479.00213623046875,132.4047393798828,213.213134765625,84.61598205566406,253.50999450683594
2024-11-01,558.1590576171875,482.54620361328125,135.03768920898438,214.19313049316406,83.42302703857422,252.47000122070312
2024-11-04,556.9568481445312,481.1404724121094,135.68592834472656,211.15708923339844,84.71791076660156,252.8300018310547
2024-11-05,563.6915893554688,487.2783203125,139.53558349609375,212.80001831054688,85.16789245605469,253.39999389648438
2024-11-06,577.7081298828125,500.5143737792969,145.22032165527344,237.3667755126953,82.83527374267578,245.6999969482422
2024-11-07,582.1749267578125,508.3946533203125,148.48159790039062,227.10585021972656,83.87301635742188,249.64999389648438
2024-11-08,584.6967163085938,508.9886779785156,147.23492431640625,227.68226623535156,84.93830871582031,247.9600067138672
2024-11-11,585.2538452148438,508.6916198730469,144.87127685546875,229.90164184570312,84.52505493164062,242.13999938964844
2024-11-12,583.4358520507812,507.7709045410156,147.89315795898438,230.16104125976562,83.25773620605469,240.0500030517578
2024-11-13,583.7192993164062,507.1175842285156,145.87857055664062,231.6982879638672,82.46794128417969,237.6300048828125
2024-11-14,579.9658203125,503.59320068359375,146.36724853515625,232.38040161132812,82.94549560546875,237.00999450683594
2024-11-15,572.5374145507812,491.5946960449219,141.60003662109375,235.6854705810547,82.72509002685547,236.58999633789062
2024-11-18,574.8832397460938,495.0101318359375,139.77493286132812,235.41644287109375,82.87200927734375,241.08999633789062
2024-11-19,576.9847412109375,498.4156188964844,146.6165771484375,233.5525665283203,83.29447174072266,243.25
2024-11-20,577.1801147460938,498.1285705566406,145.49957275390625,231.3332061767578,83.02816009521484,244.6199951171875
2024-11-21,580.2786865234375,499.9203796386719,146.2775115966797,235.15701293945312,82.96385955810547,246.66000366210938
2024-11-22,582.0772705078125,500.7222900390625,141.5701446533203,238.79833984375,83.00978088378906,249.83999633789062
2024-11-25,584.0516357421875,501.5142822265625,135.65599060058594,240.47007751464844,85.15872955322266,242.47999572753906
2024-11-26,587.1011962890625,504.20703125,136.5535888671875,240.16261291503906,84.82811737060547,242.9499969482422
2024-11-27,585.3223266601562,500.2372131347656,134.97781372070312,239.9896697998047,85.41585540771484,243.49000549316406
2024-11-29,588.9583740234375,504.6326904296875,137.88003540039062,239.92242431640625,86.29747772216797,245.58999633789062
2024-12-02,590.0140380859375,510.1269836425781,138.25901794433594,236.5885772705078,86.50482177734375,243.44000244140625
2024-12-03,590.2877197265625,511.6912841796875,139.88467407226562,235.21469116210938,85.75837707519531,243.92999267578125
2024-12-04,593.9530639648438,518.0172729492188,144.7515869140625,233.8503875732422,86.6799087524414,244.6699981689453
2024-12-05,592.9756469726562,516.581787109375,144.68179321289062,235.84878540039062,86.85498809814453,242.86000061035156
2024-12-06,594.0997314453125,521.2049560546875,142.06861877441406,237.65501403808594,86.98401641845703,242.9499969482422
2024-12-09,591.0403442382812,517.14599609375,138.44805908203125,234.2443084716797,86.18228149414062,245.36000061035156
2024-12-10,589.2026977539062,515.3838500976562,134.71783447265625,233.33155822753906,85.77680206298828,248.58999633789062
2024-12-11,593.7576293945312,524.6104736328125,138.94676208496094,233.97528076171875,84.96585083007812,250.9600067138672
2024-12-12,590.6983032226562,521.2247924804688,136.98191833496094,232.05377197265625,83.93373107910156,247.27999877929688
2024-12-13,590.5809936523438,525.2144165039062,133.89996337890625,230.526123046875,83.07670593261719,244.2899932861328
2024-12-16,593.1027221679688,532.7777709960938,131.65582275390625,230.1802520751953,83.32551574707031,244.8800048828125
2024-12-17,590.6591796875,530.4315795898438,130.05003356933594,229.0081329345703,83.52823638916016,243.94000244140625
2024-12-18,573.055419921875,511.2951965332031,128.57388305664062,221.33160400390625,82.4837875366211,239.25999450683594
2024-12-19,572.8794555664062,509.0182800292969,130.33926391601562,223.8200225830078,81.23487854003906,239.60000610351562
2024-12-20,579.76025390625,513.46337890625,134.34877014160156,228.2779541015625,81.69743347167969,242.10000610351562
2024-12-23,583.2320556640625,518.4658203125,139.3058319091797,229.03695678710938,80.94808197021484,240.9600067138672
2024-12-24,589.7147216796875,525.49609375,139.8544158935547,232.80316162109375,81.2903823852539,241.44000244140625
2024-12-26,589.7540283203125,525.13916015625,139.56515502929688,233.60060119628906,81.24413299560547,243.07000732421875
2024-12-27,583.5458984375,518.158447265625,136.6527557373047,231.7078857421875,80.57804870605469,241.39999389648438
2024-12-30,576.88671875,511.26702880859375,137.1315155029297,229.9304656982422,81.22563171386719,240.6300048828125
2024-12-31,574.787841796875,506.92388916015625,133.9398651123047,230.30516052246094,80.79082489013672,242.1300048828125
2025-01-02,573.375732421875,505.9323425292969,137.94935607910156,230.5837860107422,81.0128402709961,245.4199981689453
2025-01-03,580.544921875,514.2119140625,144.09332275390625,233.735107421875,80.75381469726562,243.49000549316406
2025-01-06,583.88916015625,520.1217651367188,149.04037475585938,232.5955352783203,80.39301300048828,243.19000244140625
2025-01-07,577.2888793945312,510.840576171875,139.77459716796875,234.83602905273438,79.48638916015625,244.55999755859375
2025-01-08,578.1322631835938,510.9298400878906,139.7446746826172,234.7974090576172,79.58816528320312,245.86000061035156
2025-01-10,569.3056030273438,502.9178771972656,135.55564880371094,231.6491241455078,79.06084442138672,248.2100067138672
2025-01-13,570.1882934570312,501.3016357421875,132.88262939453125,235.84039306640625,79.03308868408203,245.74000549316406
2025-01-14,570.9729614257812,500.82568359375,131.4164581298828,238.98866271972656,78.90354919433594,247.02999877929688
2025-01-15,581.35888671875,512.3478393554688,135.88479614257812,243.70140075683594,80.26349639892578,248.8800048828125
2025-01-16,580.2409057617188,508.75830078125,133.2217254638672,245.55560302734375,80.52253723144531,250.60000610351562
2025-01-17,586.06640625,517.3453369140625,137.3509521484375,250.27801513671875,80.66130828857422,249.27000427246094
2025-01-21,591.4309692382812,520.3795776367188,140.4628143310547,254.015380859375,81.3829116821289,253.1300048828125
2025-01-22,594.7556762695312,527.0330810546875,146.68655395507812,253.83187866210938,80.95733642578125,254.42999267578125
2025-01-23,598.0018310546875,528.1535034179688,146.83615112304688,256.8353271484375,80.32823944091797,254.07000732421875
2025-01-24,596.2562255859375,525.1688842773438,142.2481231689453,255.7633514404297,80.68904113769531,255.64999389648438
2025-01-27,587.8218994140625,509.8787536621094,118.11123657226562,256.73870849609375,81.64193725585938,252.99000549316406
2025-01-28,592.8727416992188,517.4147338867188,128.6536865234375,257.9845275878906,81.58642578125,255.17999267578125
2025-01-29,590.2149047851562,516.4430541992188,123.37747955322266,257.4436950683594,81.4198989868164,254.1999969482422
2025-01-30,593.382568359375,518.6442260742188,124.32499694824219,259.03717041015625,81.72518157958984,258.04998779296875
2025-01-31,590.224609375,517.890625,119.7569351196289,258.1390075683594,81.18862915039062,258.55999755859375
2025-02-03,586.252685546875,513.7459106445312,116.35584259033203,257.66583251953125,81.84967041015625,259.94000244140625
2025-02-04,590.1854858398438,520.0523071289062,118.34063720703125,258.757080078125,82.100341796875,262.5
2025-02-05,592.5784301757812,522.4122314453125,124.50452423095703,261.1617736816406,83.45582580566406,264.1300048828125
2025-02-06,594.637939453125,525.13916015625,128.344482421875,267.4100036621094,83.418701171875,263.42999267578125
2025-02-07,589.195068359375,518.515380859375,129.50144958496094,266.3477478027344,82.88019561767578,263.8999938964844
2025-02-10,593.1961669921875,524.7921752929688,133.2217254638672,261.7508850097656,82.62953186035156,268.3699951171875
2025-02-11,593.6473999023438,523.542724609375,132.4537353515625,265.5655212402344,82.100341796875,267.3900146484375
2025-02-12,591.7350463867188,523.8500366210938,130.79806518554688,266.0097351074219,80.98621368408203,267.6700134277344
2025-02-13,597.9822387695312,531.3861083984375,134.93724060058594,266.8498840332031,82.33245086669922,270.30999755859375
2025-02-14,597.9529418945312,533.6171875,138.48797607421875,267.11065673828125,82.768798828125,266.2900085449219
2025-02-18,599.7083740234375,534.8267822265625,139.03652954101562,270.35552978515625,81.79396057128906,270.70001220703125
2025-02-19,601.12060546875,534.9757080078125,138.86697387695312,269.67950439453125,81.89607238769531,270.8500061035156
2025-02-20,598.6198120117188,532.704833984375,139.7446746826172,257.6561584472656,82.20246887207031,270.989990234375
2025-02-21,588.3809204101562,521.6488037109375,134.07948303222656,255.1839141845703,83.19587707519531,270.739990234375
2025-02-24,585.7035522460938,515.4910888671875,129.94032287597656,252.38327026367188,83.43726348876953,272.2099914550781
2025-02-25,582.790771484375,508.996337890625,126.2998275756836,248.5783233642578,84.8763198852539,268.6199951171875
2025-02-26,583.0848999023438,510.225830078125,130.93771362304688,249.9207000732422,85.37767028808594,269.0299987792969
2025-02-27,573.7777709960938,496.05615234375,119.83673095703125,250.17176818847656,84.7741928100586,264.92999267578125
2025-02-28,582.7319946289062,503.8896789550781,124.59429931640625,255.57981872558594,85.81403350830078,263.2699890136719
2025-03-03,572.5224609375,492.8633117675781,113.76260375976562,251.68797302246094,86.2145004272461,266.739990234375
2025-03-04,565.7455444335938,491.3759765625,115.68757629394531,241.67337036132812,85.15277862548828,269.05999755859375
2025-03-05,571.826171875,497.7815246582031,116.9941635131836,242.90951538085938,84.47288513183594,269.6199951171875
2025-03-06,561.675537109375,484.087890625,110.28170776367188,238.09051513671875,84.1934814453125,268.25
2025-03-07,564.8236083984375,487.6476135253906,112.39618682861328,233.9765167236328,83.92339324951172,268.3900146484375
2025-03-10,549.779296875,468.74822998046875,106.70106506347656,224.26129150390625,84.79885864257812,266.0400085449219
2025-03-11,545.2090454101562,467.6277160644531,108.47642517089844,221.28684997558594,84.1934814453125,269.1600036621094
2025-03-12,548.1022338867188,472.90289306640625,115.44884490966797,220.08935546875,83.69055938720703,270.3299865722656
2025-03-13,540.7957763671875,464.3951416015625,115.28924560546875,217.47222900390625,84.42633819580078,275.1300048828125
2025-03-14,551.9662475585938,475.6197509765625,121.36392211914062,224.47377014160156,83.97927856445312,275.239990234375
2025-03-17,556.22265625,478.7035827636719,119.22930908203125,225.91270446777344,84.39838409423828,276.7300109863281
2025-03-18,550.2108154296875,470.54290771484375,115.1396255493164,226.91705322265625,84.48219299316406,279.9599914550781
2025-03-19,556.2030639648438,476.8394775390625,117.224365234375,230.91517639160156,84.91993713378906,281.1099853515625
2025-03-20,554.5947265625,475.2232360839844,118.23181915283203,230.818603515625,84.9758071899414,280.75
2025-03-21,554.777587890625,476.7898864746094,117.4039077758789,233.34878540039062,84.47288513183594,278.489990234375
2025-03-24,564.712890625,487.2527160644531,121.10458374023438,239.55845642089844,83.60674285888672,277.25
2025-03-25,566.0702514648438,490.0332336425781,120.38639068603516,242.52322387695312,83.597412109375,278.4700012207031
2025-03-26,559.3124389648438,481.0163269042969,113.47382354736328,242.42665100097656,83.04792785644531,278.239990234375
2025-03-27,557.8270874023438,478.27545166015625,111.14968872070312,239.61636352539062,82.80577850341797,281.9700012207031
2025-03-28,546.5934448242188,465.6835021972656,109.39411926269531,234.52699279785156,83.95133972167969,284.05999755859375
2025-03-31,550.2625732421875,465.6636962890625,108.10735321044922,236.89303588867188,84.78023529052734,288.1400146484375
2025-04-01,551.8167724609375,469.4174499511719,109.87290954589844,235.3092498779297,85.51488494873047,287.57000732421875
2025-04-02,555.308837890625,472.8434753417969,110.14221954345703,237.3952178955078,85.45882415771484,288.1600036621094
2025-04-03,527.9428100585938,447.5304260253906,101.5439224243164,220.852294921875,85.85137939453125,286.4200134277344
2025-04-04,497.03546142578125,419.7348327636719,94.07275390625,204.32408142089844,86.78608703613281,279.7200012207031
2025-04-07,496.1501770019531,420.74774169921875,97.39436340332031,208.36624145507812,84.1689453125,273.7099914550781
2025-04-08,488.3790283203125,413.17071533203125,96.05775451660156,210.72740173339844,82.57994079589844,275.20001220703125
2025-04-09,539.6683349609375,462.7639465332031,114.04239654541016,227.7025909423828,83.06599426269531,285.3800048828125
2025-04-10,516.0205688476562,443.0815734863281,107.29940032958984,220.67739868164062,80.7760238647461,292.3500061035156
2025-04-11,525.227783203125,451.2444763183594,110.65095520019531,229.50991821289062,81.21531677246094,297.92999267578125
2025-04-14,530.3232421875,454.3031005859375,110.43150329589844,228.07183837890625,81.7948226928711,296.2300109863281
2025-04-15,528.837890625,454.8096008300781,111.9177474975586,226.52688598632812,82.0845718383789,297.7799987792969
2025-04-16,517.0828247070312,441.095458984375,104.22714233398438,223.10655212402344,82.54257202148438,307.4700012207031
2025-04-17,517.8206787109375,441.01605224609375,101.23468017578125,225.3900146484375,81.81352233886719,306.1199951171875
2025-04-21,505.4951477050781,430.1023254394531,96.66622161865234,222.50413513183594,80.38345336914062,315.5899963378906
2025-04-22,518.64697265625,441.3934020996094,98.64122009277344,228.9171905517578,80.83209228515625,311.1099853515625
2025-04-23,526.68359375,451.4034118652344,102.45161437988281,234.05738830566406,81.6172103881836,303.6499938964844
2025-04-24,537.7698364257812,464.1045837402344,106.16226196289062,237.71087646484375,82.47714233398438,308.07000732421875
2025-04-25,541.6552734375,469.27838134765625,110.73075103759766,236.65171813964844,83.0846939086914,304.7300109863281
2025-04-28,541.86181640625,469.12939453125,108.45648956298828,236.33106994628906,83.60813903808594,309.07000732421875
2025-04-29,545.2753295898438,472.227783203125,108.74574279785156,237.69143676757812,84.30913543701172,306.05999755859375
2025-04-30,545.4916381835938,472.1681823730469,108.64599609375,237.69143676757812,83.6268081665039,303.7699890136719
2025-05-01,549.3574829101562,478.33502197265625,111.32923126220703,239.8971405029297,83.2027816772461,297.4599914550781
2025-05-02,557.5122680664062,485.4353332519531,114.21197509765625,245.35794067382812,82.30217742919922,297.9800109863281
2025-05-05,554.3153076171875,482.5555114746094,113.5336685180664,245.40655517578125,81.84249114990234,306.8800048828125
2025-05-06,549.68212890625,478.06689453125,113.25438690185547,242.19027709960938,82.11455535888672,315.4800109863281
2025-05-07,551.9937744140625,479.94378662109375,116.7655258178711,242.3263397216797,82.4616470336914,310.75
2025-05-08,555.8400268554688,484.8991394042969,117.07474517822266,246.290771484375,81.54228973388672,304.6300048828125
2025-05-09,555.1318359375,484.58135986328125,116.3565673828125,245.9118194580078,81.66425323486328,306.8399963378906
2025-05-12,573.4774780273438,504.32330322265625,122.6905746459961,252.68438720703125,80.90437316894531,298.19000244140625
2025-05-13,577.2646484375,512.0096435546875,129.6031494140625,255.56056213378906,80.57604217529297,299.4599914550781
2025-05-14,578.00244140625,515.0780639648438,134.99952697753906,258.1161193847656,80.04129791259766,293.1600036621094
2025-05-15,580.8256225585938,515.6442260742188,134.49082946777344,259.9136657714844,80.74488830566406,297.8399963378906
2025-05-16,584.5045776367188,517.8883666992188,135.0594024658203,259.9817199707031,80.9606704711914,294.239990234375
2025-05-19,585.1439819335938,518.385009765625,135.22897338867188,257.37762451171875,80.72612762451172,298.0299987792969
2025-05-20,583.176513671875,516.6570434570312,134.0419464111328,258.1549072265625,80.14447784423828,303.5799865722656
2025-05-21,573.3495483398438,509.4772644042969,131.4684600830078,253.64639282226562,78.77481079101562,305.82000732421875
2025-05-22,573.5758666992188,510.43060302734375,132.495849609375,253.286865234375,79.18757629394531,303.1099853515625
2025-05-23,569.6607666015625,505.70367431640625,130.959716796875,253.32566833496094,79.31893157958984,309.75
2025-05-27,581.50439453125,517.6004638671875,135.15911865234375,257.7759704589844,80.42591857910156,304.5
2025-05-28,578.1400756835938,515.3064575195312,134.4708709716797,256.0269470214844,80.07881164550781,303.80999755859375
2025-05-29,580.4222412109375,516.3194580078125,138.83984375,256.8819885253906,80.81993103027344,305.6099853515625
2025-05-30,579.7730102539062,515.5050659179688,134.7900848388672,256.52252197265625,80.94188690185547,303.6000061035156
2025-06-02,583.0389404296875,519.5767211914062,137.03440856933594,257.163818359375,80.1885986328125,311.6700134277344
2025-06-03,586.36376953125,523.63818359375,140.86473083496094,258.7282409667969,80.04736328125,308.9100036621094
2025-06-04,586.206298828125,525.0980834960938,141.56300354003906,256.7362976074219,81.3468017578125,310.8999938964844
2025-06-05,583.3732299804688,521.1456909179688,139.63784790039062,254.5305938720703,81.40328216552734,309.3299865722656
2025-06-06,589.364013671875,526.2400512695312,141.3634796142578,258.20355224609375,80.36750793457031,305.17999267578125
2025-06-09,589.8951416015625,527.0147094726562,142.27120971679688,259.18487548828125,80.4522705078125,306.6199951171875
2025-06-10,593.23974609375,530.5003051757812,143.5978546142578,260.9922180175781,80.8665542602539,306.7099914550781
2025-06-11,591.5476684570312,528.7127685546875,142.4805908203125,260.5549621582031,81.11138916015625,308.3699951171875
2025-06-12,593.8988037109375,529.9539794921875,144.64529418945312,260.6424255371094,82.08126068115234,312.20001220703125
2025-06-13,587.2589111328125,523.3005981445312,141.62269592285156,257.4455871582031,81.29029083251953,316.2900085449219
2025-06-16,592.84619140625,530.5797119140625,144.33604431152344,262.70233154296875,80.47108459472656,311.7799987792969
2025-06-17,587.7803344726562,525.4058837890625,143.76742553710938,261.88616943359375,81.45037078857422,311.94000244140625
2025-06-18,587.691650390625,525.3164672851562,145.1240997314453,266.2004089355469,81.59160614013672,310.260009765625
2025-06-20,586.3115234375,523.1715698242188,143.4980926513672,267.2109680175781,81.44094848632812,310.1300048828125
2025-06-23,592.1027221679688,528.5509643554688,143.81732177734375,270.3883056640625,81.7046127319336,311.0799865722656
2025-06-24,598.6438598632812,536.6336059570312,147.53817749023438,273.2936706542969,82.29781341552734,306.19000244140625
2025-06-25,598.9793090820312,538.0055541992188,153.93251037597656,276.01434326171875,82.40140533447266,307.1199951171875
2025-06-26,603.6655883789062,543.0360107421875,154.64076232910156,280.5715026855469,82.81570434570312,306.7799987792969
2025-06-27,606.664794921875,544.8951416015625,157.36407470703125,278.97796630859375,82.28841400146484,301.2200012207031
2025-06-30,609.5653686523438,548.4244995117188,157.603515625,281.69866943359375,83.09820556640625,304.8299865722656
2025-07-01,609.3681030273438,543.8015747070312,152.9249725341797,282.1844787597656,83.30425262451172,307.54998779296875
2025-07-02,612.1305541992188,547.58935546875,156.8653106689453,283.72943115234375,82.77496337890625,309.25
2025-07-03,616.9550170898438,552.9776611328125,158.9501953125,289.00177001953125,82.19843292236328,307.1400146484375
2025-07-07,612.357421875,548.812255859375,157.85289001464844,285.0671081542969,81.41397857666016,307.3699951171875
2025-07-08,612.0220336914062,549.120361328125,159.60858154296875,276.0943298339844,81.31001281738281,304.1600036621094
2025-07-09,615.692138671875,553.0076293945312,162.4815216064453,276.46533203125,82.16063690185547,305.5199890136719
2025-07-10,617.4285278320312,552.2122192382812,163.6985626220703,281.3764343261719,82.21733856201172,306.20001220703125
2025-07-11,615.258056640625,550.9695434570312,164.5165557861328,280.07781982421875,81.08318328857422,309.1400146484375
2025-07-14,616.4320678710938,552.9677734375,163.66864013671875,281.8744201660156,80.91304779052734,308.010009765625
2025-07-15,613.7978515625,553.4747924804688,170.2824249267578,279.7751770019531,80.34598541259766,306.7300109863281
2025-07-16,615.8499755859375,554.0414428710938,170.95077514648438,279.0624694824219,80.45939636230469,308.260009765625
2025-07-17,619.6187133789062,558.5252685546875,172.5767822265625,283.0459899902344,80.44048309326172,307.5899963378906
2025-07-18,619.1649169921875,557.9884643554688,171.98822021484375,284.38360595703125,80.5633544921875,308.3900146484375
2025-07-21,620.3389892578125,560.88134765625,170.96075439453125,284.0906982421875,81.28166961669922,313.1300048828125
2025-07-22,620.4277954101562,557.9784545898438,166.6213836669922,284.5398254394531,81.77311706542969,316.1000061035156
2025-07-23,625.7059936523438,560.5234375,170.36221313476562,289.74383544921875,81.31944274902344,312.17999267578125
2025-07-24,625.9132690429688,561.716552734375,173.3149871826172,289.53875732421875,81.1777114868164,310.2699890136719
2025-07-25,628.5572509765625,563.0686645507812,173.07557678222656,291.5598449707031,81.68807220458984,307.3999938964844
2025-07-28,628.3994140625,564.8283081054688,176.31761169433594,291.2278747558594,81.15879821777344,305.4100036621094
2025-07-29,626.7420043945312,563.9534301757812,175.0806121826172,290.01715087890625,82.52921295166016,306.25
2025-07-30,625.9526977539062,564.7090454101562,178.8314666748047,292.5459899902344,82.10393524169922,300.9599914550781
2025-07-31,623.6045532226562,561.716552734375,177.4348602294922,289.236083984375,82.15116882324219,302.9599914550781
2025-08-01,613.3834228515625,550.6514282226562,173.29501342773438,282.5285339355469,83.319091796875,309.1099853515625
2025-08-04,622.7067260742188,560.811767578125,179.55966186523438,287.3029479980469,83.5467758178711,310.9100036621094
2025-08-05,619.5496826171875,557.004150390625,177.8238983154297,284.4812316894531,83.8029556274414,311.1600036621094
2025-08-06,624.2952270507812,564.0131225585938,178.9810791015625,284.4617614746094,83.319091796875,310.5
2025-08-07,623.7722778320312,565.9217529296875,180.32777404785156,280.156005859375,83.17676544189453,313.1199951171875
2025-08-08,628.6361694335938,571.200927734375,182.2530517578125,281.9329528808594,82.81624603271484,313.04998779296875
2025-08-11,627.39306640625,569.5108032226562,181.6146240234375,282.71405029296875,82.91114044189453,308.54998779296875
2025-08-12,634.072265625,576.6688842773438,182.71192932128906,285.92626953125,82.4936752319336,308.2699890136719
2025-08-13,636.2427978515625,576.9571533203125,181.14576721191406,283.6611022949219,83.17676544189453,309.2099914550781
2025-08-14,636.302001953125,576.5098266601562,181.57472229003906,287.2052917480469,82.56008911132812,307.25
2025-08-15,634.812255859375,573.9746704101562,180.008544921875,283.6220397949219,81.97186279296875,307.42999267578125
2025-08-18,634.6741943359375,573.7459106445312,181.56472778320312,284.637451171875,81.73468017578125,306.95001220703125
2025-08-19,631.23095703125,565.9617309570312,175.2103271484375,283.7880554199219,82.20904541015625,305.2699890136719
2025-08-20,629.5537719726562,562.6013793945312,174.9709014892578,285.3306579589844,82.38932800292969,308.3599853515625
2025-08-21,627.028076171875,559.99658203125,174.55191040039062,284.5788879394531,81.98135375976562,307.2900085449219
2025-08-22,636.6572265625,568.6359252929688,177.55458068847656,289.236083984375,82.58853912353516,310.5799865722656
2025-08-25,633.8552856445312,566.99560546875,179.3701171875,287.9277648925781,82.35136413574219,309.8299865722656
2025-08-26,636.5091552734375,569.272216796875,181.32533264160156,291.51104736328125,82.3039321899414,312.0799865722656
2025-08-27,637.9595336914062,570.1470947265625,181.15574645996094,292.2042236328125,82.20904541015625,312.7099914550781
2025-08-28,640.21875,573.7161865234375,179.72923278808594,293.9519348144531,82.74983978271484,315.0299987792969
2025-08-29,636.400634765625,567.0751342773438,173.75387573242188,294.2936706542969,82.16160583496094,318.07000732421875
2025-09-02,631.6847534179688,562.3229370117188,170.36221313476562,292.6143798828125,81.55020904541016,325.5899963378906
2025-09-03,635.108154296875,566.7470092773438,170.20260620117188,292.42877197265625,82.44541931152344,328.1400146484375
2025-09-04,640.4161987304688,571.876953125,171.24005126953125,296.63690185546875,83.073974609375,326.69000244140625
2025-09-05,638.561279296875,572.7020874023438,166.61141967773438,287.4200744628906,84.3405990600586,331.04998779296875
2025-09-08,640.1300048828125,575.4957275390625,167.8982696533203,285.9848327636719,85.4643783569336,334.82000732421875
2025-09-09,641.60986328125,577.1261596679688,170.34225463867188,290.80804443359375,84.97868347167969,334.05999755859375
2025-09-10,643.4646606445312,577.3151245117188,176.8961944580078,293.4344787597656,85.4643783569336,335.260009765625
2025-09-11,648.8119506835938,580.6753540039062,176.74655151367188,298.33575439453125,86.03578186035156,334.760009765625
2025-09-12,648.5949096679688,583.2402954101562,177.39498901367188,299.65380859375,85.66436767578125,335.4200134277344
2025-09-15,652.0480346679688,588.2310180664062,177.32518005371094,301.5968017578125,85.86437225341797,338.9100036621094
2025-09-16,651.150146484375,587.7339477539062,174.4620361328125,301.87994384765625,86.04531860351562,339.5899963378906
2025-09-17,650.3412475585938,586.5608520507812,169.8829803466797,304.37939453125,85.82627868652344,336.9700012207031
2025-09-18,653.3799438476562,591.8499145507812,175.81878662109375,305.8244323730469,84.94058990478516,335.6199951171875
2025-09-19,656.6160278320312,595.8563232421875,176.24774169921875,307.3377990722656,84.77867889404297,339.17999267578125
2025-09-22,659.7225341796875,599.3837890625,183.17115783691406,305.0531005859375,84.47393035888672,345.04998779296875
2025-09-23,656.1312866210938,595.4024658203125,178.0035400390625,305.345947265625,85.06439971923828,346.4599914550781
2025-09-24,654.043701171875,593.3123168945312,176.54702758789062,306.00994873046875,84.74059295654297,343.32000732421875
2025-09-25,651.0263061523438,590.7543334960938,177.2653045654297,306.0392150878906,84.74059295654297,344.75
2025-09-26,654.756103515625,593.182861328125,177.7641143798828,308.5874938964844,84.6644058227539,346.739990234375
2025-09-29,656.5962524414062,595.9299926757812,181.4153594970703,308.2262878417969,85.359619140625,352.4599914550781
2025-09-30,659.0694580078125,597.5623168945312,186.13406372070312,307.972412109375,85.11199951171875,355.4700012207031
2025-10-01,661.3153686523438,600.4288330078125,186.79248046875,303.364013671875,85.3318099975586,356.0299987792969
2025-10-02,662.0769653320312,602.8972778320312,188.4385528564453,300.2787170410156,85.58029174804688,354.7900085449219
2025-10-03,662.0671997070312,600.3591918945312,187.17156982421875,302.7000732421875,85.4178237915039,357.6400146484375
2025-10-06,664.4415893554688,604.8679809570312,185.09654235839844,303.3377685546875,84.73929595947266,364.3800048828125
2025-10-07,661.9780883789062,601.6830444335938,184.59774780273438,301.8759460449219,85.22669982910156,366.260009765625
2025-10-08,665.925537109375,608.58056640625,188.6580047607422,298.28509521484375,85.29358673095703,372.29998779296875
2025-10-09,663.9963989257812,607.8440551757812,192.1097412109375,299.7568054199219,85.22669982910156,365.42999267578125
2025-10-10,646.0499877929688,586.7431640625,182.72222900390625,295.2044677734375,86.60286712646484,369.1199951171875
2025-10-13,655.9630126953125,599.1946411132812,187.86990356445312,302.150634765625,86.55506896972656,378.0899963378906
2025-10-14,655.1616821289062,595.2034301757812,179.59971618652344,296.3719482421875,86.83222198486328,380.7900085449219
2025-10-15,658.0703125,599.4036865234375,179.4001922607422,299.9137268066406,86.6410903930664,387.3900146484375
2025-10-16,653.5886840820312,597.1841430664062,181.3754425048828,292.89886474609375,87.29093170166016,396.45001220703125
2025-10-17,657.2986450195312,601.105712890625,182.78208923339844,291.9373779296875,87.15715789794922,388.989990234375
2025-10-20,664.1348266601562,608.6800537109375,182.20346069335938,296.64666748046875,87.49163055419922,403.1499938964844
2025-10-21,664.1249389648438,608.5208129882812,180.72702026367188,291.4762268066406,87.92169189453125,377.239990234375
2025-10-22,660.6721801757812,602.6583862304688,179.84912109375,288.5525207519531,87.97901153564453,377.2799987792969
2025-10-23,664.5900268554688,607.7246704101562,181.72463989257812,288.97442626953125,87.376953125,378.7900085449219
2025-10-24,670.0213623046875,614.2140502929688,185.81480407714844,294.762939453125,87.41517639160156,377.5199890136719
2025-10-27,677.926025390625,625.1527709960938,191.03233337402344,298.4028625488281,87.71143341064453,367.010009765625
2025-10-28,679.7266845703125,629.9600830078125,200.5495147705078,299.5899353027344,87.9407730102539,364.3800048828125
2025-10-29,680.0531005859375,632.7968139648438,206.545166015625,299.7371520996094,87.05201721191406,363.0
2025-10-30,672.5738525390625,623.1222534179688,202.4050750732422,303.5928649902344,86.5455093383789,370.1300048828125
2025-10-31,674.780029296875,626.1281127929688,202.0060272216797,305.24114990234375,86.28749084472656,368.1199951171875
2025-11-03,676.04638671875,629.1240844726562,206.3855438232422,303.50457763671875,86.07168579101562,368.7799987792969
2025-11-04,668.0328369140625,616.3540649414062,198.21511840820312,303.4064636230469,86.26350402832031,362.32000732421875
2025-11-05,670.3478393554688,620.365234375,194.7434539794922,305.7905578613281,85.32357025146484,366.510009765625
2025-11-06,663.1553955078125,608.8094482421875,187.63047790527344,307.4976806640625,86.09087371826172,366.07000732421875
2025-11-07,663.8084106445312,606.8885498046875,187.70030212402344,308.272705078125,85.90863037109375,368.30999755859375
2025-11-10,674.1666259765625,620.3154296875,198.5742645263672,310.9020690917969,85.88946533203125,378.3800048828125
2025-11-11,675.7099609375,618.6632080078125,192.69833374023438,309.6560974121094,86.2826919555664,379.8699951171875
2025-11-12,676.0859375,618.1754760742188,193.33682250976562,314.3555908203125,86.4361572265625,385.989990234375
2025-11-13,664.866943359375,605.5548706054688,186.4133758544922,303.63214111328125,85.72640228271484,382.8699951171875
2025-11-14,664.7581787109375,606.0125732421875,189.71546936035156,297.8730163574219,85.23725128173828,375.9599914550781
2025-11-17,658.5650024414062,600.8369140625,186.1540069580078,294.6942443847656,85.4482421875,371.6499938964844
2025-11-18,653.03466796875,593.5213012695312,180.92652893066406,293.75238037109375,85.41947937011719,374.3500061035156
2025-11-19,655.5574340820312,597.064697265625,186.07418823242188,297.5394592285156,85.24684143066406,374.9599914550781
2025-11-20,645.5652465820312,582.9310913085938,180.208251953125,292.74188232421875,85.58252716064453,374.8500061035156
2025-11-21,651.9959106445312,587.3104858398438,178.4524688720703,292.3886413574219,85.84149932861328,374.2699890136719
2025-11-24,661.59228515625,602.3299560546875,182.11370849609375,292.3690490722656,86.33065032958984,380.20001220703125
2025-11-25,667.815185546875,606.0425415039062,177.39498901367188,297.27459716796875,86.55125427246094,380.0799865722656
2025-11-26,672.4254150390625,611.3973388671875,179.82916259765625,301.826904296875,86.93490600585938,383.1199951171875
2025-11-28,676.0958251953125,616.3540649414062,176.5769500732422,307.1640930175781,86.52246856689453,387.8800048828125
2025-12-01,673.0090942382812,614.2837524414062,179.48997497558594,303.0827331542969,85.44538879394531,389.75
2025-12-02,674.2556762695312,619.0911865234375,181.02630615234375,302.0623474121094,85.48387145996094,387.239990234375
2025-12-03,676.5905151367188,620.6041259765625,179.1607666015625,306.2320861816406,85.72451782226562,386.8800048828125
2025-12-04,677.085205078125,620.0267944335938,182.951904296875,310.12701416015625,85.26249694824219,387.1300048828125
2025-12-05,678.3712158203125,622.554931640625,181.98416137695312,309.0870666503906,84.86784362792969,386.44000244140625
2025-12-08,676.3333129882812,621.3605346679688,185.1168212890625,309.25384521484375,84.58869934082031,385.4200134277344
2025-12-09,675.74951171875,622.126953125,184.53819274902344,294.8316345214844,84.67535400390625,387.3999938964844
2025-12-10,680.2312622070312,624.6749267578125,183.3509521484375,304.2502136230469,85.00260925292969,389.04998779296875
2025-12-11,681.8140869140625,622.654541015625,180.50759887695312,311.3828430175781,84.88711547851562,393.239990234375
2025-12-12,674.4832153320312,610.7503662109375,174.6114044189453,312.5013122558594,84.0689468383789,395.44000244140625
2025-12-15,673.4642333984375,607.6847534179688,175.87843322753906,313.9729309082031,84.12669372558594,395.79998779296875
2025-12-16,671.6240844726562,608.8890991210938,177.30511474609375,309.58740234375,84.58869934082031,395.8900146484375
2025-12-17,664.2338256835938,597.60205078125,170.5409393310547,309.0281982421875,84.51171112060547,399.2900085449219
2025-12-18,669.2495727539062,606.261474609375,173.73345947265625,307.0855712890625,84.91597747802734,398.57000732421875
2025-12-19,675.3153686523438,614.164306640625,180.56747436523438,311.216064453125,84.59903717041016,399.0199890136719
2025-12-22,679.5225219726562,617.1082763671875,183.2611541748047,316.98492431640625,84.41544342041016,408.2300109863281
2025-12-23,682.6282348632812,619.9984130859375,188.76829528808594,319.7712707519531,84.55071258544922,413.6400146484375
2025-12-24,685.0294799804688,621.812255859375,188.169677734375,322.9501037597656,85.06285858154297,411.92999267578125
2025-12-26,684.9600219726562,621.7724609375,190.08518981933594,321.7138671875,84.78263854980469,416.739990234375
2025-12-29,682.51904296875,618.7626342773438,187.7805938720703,317.6324768066406,85.10150909423828,398.6000061035156
2025-12-30,681.685546875,617.3275146484375,187.1021728515625,317.3087463378906,84.89859008789062,398.8900146484375
2025-12-31,676.635009765625,612.2249145507812,186.0646209716797,316.13140869140625,84.22217559814453,396.30999755859375
2026-01-02,677.8753051757812,611.0389404296875,188.40911865234375,319.3298034667969,84.09654998779297,398.2799987792969
2026-01-05,682.3900756835938,615.8923950195312,187.6808319091797,327.7280578613281,84.51207733154297,408.760009765625
2026-01-06,686.4484252929688,621.3040161132812,186.80288696289062,329.76806640625,84.338134765625,413.17999267578125
2026-01-07,684.2356567382812,621.9020385742188,188.6685028076172,322.2583312988281,84.83094787597656,409.2300109863281
2026-01-08,684.1661987304688,618.364013671875,184.60801696777344,325.0178527832031,84.40577697753906,411.489990234375
2026-01-09,688.69091796875,624.5230712890625,184.42843627929688,324.426513671875,84.96622467041016,414.4700012207031
2026-01-12,689.7723999023438,625.041259765625,184.5082550048828,319.7945251464844,84.7149887084961,422.2300109863281
2026-01-13,688.3931884765625,624.1144409179688,185.376220703125,306.40118408203125,84.85993194580078,421.6300048828125
2026-01-14,685.009521484375,617.4471435546875,182.7124481201172,303.4150390625,85.35274505615234,425.94000244140625
2026-01-15,686.875,619.6696166992188,186.6133270263672,304.7849426269531,85.33341217041016,423.3299865722656
2026-01-16,686.299560546875,619.1513671875,185.79522705078125,307.948486328125,84.84061431884766,421.2900085449219
2026-01-20,672.3286743164062,605.9961547851562,177.65428161621094,298.3592529296875,83.72937774658203,437.2300109863281
2026-01-21,680.088134765625,614.188232421875,182.8920440673828,297.66943359375,84.36711883544922,443.6000061035156
2026-01-22,683.6402587890625,618.6530151367188,184.40847778320312,299.23638916015625,84.73432159423828,451.7900085449219
2026-01-23,683.8883056640625,620.6063842773438,187.23187255859375,293.41192626953125,84.96622467041016,458.0
2026-01-26,687.3612060546875,623.3370971679688,186.03468322753906,296.68389892578125,85.37207794189453,464.70001220703125
2026-01-27,690.099853515625,628.9878540039062,188.07989501953125,295.96441650390625,84.84061431884766,476.1000061035156
2026-01-28,690.0303955078125,631.0706787109375,191.07289123535156,296.417724609375,84.64735412597656,494.55999755859375
2026-01-29,688.6610717773438,627.2935791015625,192.06056213378906,301.98602294921875,84.66667175292969,495.8999938964844
2026-01-30,686.6071166992188,619.7592163085938,190.6837921142578,301.46368408203125,84.19319152832031,444.95001220703125
2026-02-02,690.0203857421875,624.0148315429688,185.17669677734375,303.6811218261719,83.95263671875,427.1300048828125
2026-02-03,684.18603515625,614.4274291992188,179.91897583007812,310.29400634765625,84.15633392333984,454.2900085449219
2026-02-04,680.8719482421875,603.6939086914062,173.78334045410156,312.6789855957031,83.94293212890625,453.9700012207031
2026-02-05,672.3682861328125,595.0036010742188,171.47872924804688,305.6719055175781,84.85472869873047,441.8800048828125
2026-02-06,685.2676391601562,607.5807495117188,184.97714233398438,317.73480224609375,84.91292572021484,455.4599914550781
2026-02-09,688.5718383789062,612.2349243164062,189.59632873535156,317.4391174316406,84.89352416992188,467.0299987792969
2026-02-10,686.7559814453125,609.39453125,188.09983825683594,313.6744079589844,85.87321472167969,462.3999938964844
2026-02-11,686.5972290039062,611.0289916992188,189.60633850097656,306.32232666015625,85.41732025146484,467.6300048828125
2026-02-12,675.9900512695312,598.601318359375,186.5035858154297,298.2607421875,86.55221557617188,451.3900146484375
2026-02-13,676.4663696289062,599.876953125,182.3832244873047,298.1719970703125,87.02749633789062,462.6199951171875
2026-02-17,677.5578002929688,599.259033203125,184.53819274902344,302.68572998046875,87.17298889160156,448.20001220703125
2026-02-18,680.9711303710938,603.73388671875,187.5411376953125,304.3118591308594,86.84320068359375,458.2799987792969
2026-02-19,679.1751098632812,601.421630859375,187.46133422851562,303.5923767089844,86.93051147460938,459.55999755859375
2026-02-20,684.0867919921875,606.7435302734375,189.37686157226562,306.29278564453125,86.726806640625,468.6199951171875
2026-02-23,677.1013793945312,599.36865234375,191.1028289794922,293.3626403808594,87.04690551757812,481.2799987792969
2026-02-24,682.02294921875,605.8067626953125,192.39979553222656,292.9979553222656,87.20210266113281,474.6099853515625
2026-02-25,687.7779541015625,614.5868530273438,195.10345458984375,298.9111633300781,87.21180725097656,473.4200134277344
2026-02-26,683.957763671875,607.172119140625,184.4583740234375,301.7002258300781,87.56099700927734,477.4800109863281
2026-02-27,680.6734619140625,605.228759765625,176.77635192871094,295.95452880859375,88.09449768066406,483.75
2026-03-02,681.0604858398438,606.0260620117188,182.05398559570312,293.25421142578125,87.20985412597656,490.0
2026-03-03,675.057373046875,599.5380859375,179.62966918945312,295.9151611328125,87.03466033935547,468.1400146484375
2026-03-04,679.8201904296875,608.6769409179688,182.61268615722656,295.0577697753906,86.76216125488281,471.79998779296875
2026-03-05,676.0297241210938,606.84326171875,182.9119873046875,289.30224609375,86.41179656982422,466.1300048828125
2026-03-06,667.1690063476562,597.71435546875,177.4048614501953,285.2911376953125,86.09063720703125,473.510009765625
2026-03-09,673.0133056640625,605.6971435546875,182.2235870361328,285.72479248046875,86.84002685546875,472.5299987792969
2026-03-10,671.9317016601562,605.7071533203125,184.33865356445312,284.552001953125,85.91545867919922,477.8599853515625
2026-03-11,671.08837890625,605.6273193359375,185.60574340820312,283.3594665527344,84.8060073852539,476.239990234375
2026-03-12,660.89794921875,595.2327880859375,182.7223358154297,278.7965087890625,84.64054870605469,466.8800048828125
2026-03-13,657.1571655273438,591.7047729492188,179.8389434814453,279.33856201171875,84.2220687866211,460.8399963378906
2026-03-16,663.8449096679688,598.3422241210938,182.80215454101562,282.0191650390625,84.87411499023438,460.42999267578125
2026-03-17,665.5912475585938,601.2622680664062,181.51510620117188,282.7386169433594,85.10768127441406,459.2699890136719
2026-03-18,656.3038330078125,592.880859375,179.98858642578125,283.5762939453125,84.63082122802734,444.739990234375
2026-03-19,654.6864624023438,591.0072021484375,178.15277099609375,283.802978515625,85.14662170410156,426.4100036621094
2026-03-20,645.3009643554688,580.0844116210938,172.30615234375,282.41339111328125,83.53108978271484,413.3800048828125
2026-03-23,652.07666015625,586.7431640625,175.23944091796875,285.71490478515625,84.07609558105469,404.0400085449219
2026-03-24,649.8877563476562,582.731689453125,174.80044555664062,288.16888427734375,83.70626068115234,404.1300048828125
2026-03-25,653.5094604492188,586.5635375976562,178.2725067138672,291.1452331542969,84.5140380859375,416.2900085449219
2026-03-26,641.838623046875,572.5634765625,170.8494873046875,287.4396057128906,83.8035888671875,400.6400146484375
2026-03-27,630.89404296875,561.3775024414062,167.13796997070312,278.7472229003906,83.34615325927734,414.70001220703125
2026-03-30,628.78466796875,557.086669921875,164.79331970214844,279.66375732421875,84.45564270019531,414.5799865722656
2026-03-31,647.0621337890625,575.9462280273438,174.00225830078125,289.9034423828125,84.36805725097656,430.2900085449219
2026-04-01,651.9373779296875,583.06103515625,175.34918212890625,291.1057434082031,84.28500366210938,437.82000732421875
2026-04-02,652.5244750976562,583.7295532226562,176.98545837402344,290.3370666503906,84.80284881591797,429.4100036621094
2026-04-06,655.6087646484375,587.2420654296875,177.23487854003906,292.6649169921875,84.66606140136719,427.6499938964844
2026-04-07,655.8972778320312,587.3319091796875,177.69383239746094,294.5965270996094,84.65629577636719,431.80999755859375
2026-04-08,672.6027221679688,604.7944946289062,181.66476440429688,305.0668640136719,84.92987823486328,434.5299987792969
2026-04-09,676.4830322265625,608.8857421875,183.4906005859375,307.40460205078125,84.71491241455078,437.9100036621094
2026-04-10,676.0353393554688,609.7638549804688,188.1998291015625,306.948974609375,84.50972747802734,437.1300048828125
2026-04-13,682.6417846679688,616.0703125,188.87826538085938,310.7230529785156,84.7637710571289,435.3599853515625
2026-04-14,690.959716796875,627.2562866210938,196.0618438720703,308.1871643066406,85.2132339477539,445.0899963378906
2026-04-15,696.412109375,636.0375366210938,198.41647338867188,303.0461120605469,84.8419418334961,440.4599914550781
2026-04-16,698.1234130859375,639.1009521484375,197.8976593017578,307.0282287597656,84.30453491210938,440.0799865722656
2026-04-17,706.5607299804688,647.4630126953125,201.2200469970703,307.3650207519531,85.07644653320312,445.92999267578125
2026-04-20,705.1477661132812,645.4074096679688,201.59918212890625,314.0018615722656,85.0569076538086,442.0899963378906
2026-04-21,700.53125,642.9526977539062,199.42417907714844,310.0494689941406,84.587890625,429.57000732421875
2026-04-22,707.6253051757812,653.709716796875,202.03819274902344,310.06927490234375,84.75399780273438,435.260009765625
2026-04-23,704.8792114257812,650.0275268554688,199.18470764160156,308.7518310546875,84.56836700439453,431.0400085449219
2026-04-24,710.3414916992188,662.4609375,207.79502868652344,305.37396240234375,84.72469329833984,433.25
2026-04-27,711.5653686523438,662.8101806640625,216.1160125732422,308.6923828125,84.30453491210938,429.8900146484375
2026-04-28,708.1029052734375,656.1444702148438,212.68385314941406,308.51409912109375,84.39248657226562,421.9100036621094
2026-04-29,707.993408203125,660.1558837890625,208.77279663085938,306.3348083496094,83.73780822753906,417.4100036621094
2026-04-30,715.0377197265625,666.3126220703125,199.1148681640625,310.2773132324219,83.6596450805664,423.6600036621094
2026-05-01,717.0177001953125,672.708984375,197.9974365234375,309.52447509765625,83.9587631225586,423.17999267578125
2026-05-04,714.3909912109375,671.4417114257812,198.02734375,304.7498779296875,83.32130432128906,414.7099914550781
2026-05-05,720.1220092773438,680.1530151367188,196.05186462402344,306.4833984375,83.78223419189453,418.2699890136719
2026-05-06,730.1312866210938,694.2827758789062,207.3560333251953,311.9315490722656,84.4197006225586,430.9599914550781
2026-05-07,727.8926391601562,693.4545288085938,211.01766967773438,303.3829040527344,83.99800109863281,431.67999267578125
2026-05-08,733.9021606445312,709.709716796875,214.709228515625,299.2522277832031,84.4197006225586,433.7699890136719
2026-05-11,735.5736694335938,711.7652587890625,218.93955993652344,297.1719970703125,83.90972900390625,434.6499938964844
2026-05-12,734.4593505859375,705.7282104492188,220.27650451660156,302.0060119628906,83.35072326660156,432.92999267578125
2026-05-13,738.5685424804688,713.1823120117188,225.3149871826172,297.419677734375,83.16439056396484,430.5
2026-05-14,744.3989868164062,718.2514038085938,235.202392578125,297.0828857421875,83.28207397460938,427.2099914550781
2026-05-15,735.4443969726562,707.4146728515625,224.80615234375,295.0026550292969,82.04637908935547,417.2900085449219
2026-05-18,734.927001953125,704.3711547851562,221.81300354003906,297.8951416015625,81.94830322265625,418.42999267578125
2026-05-19,730.03173828125,700.030517578125,220.1068878173828,292.91253662109375,81.41871643066406,411.5
2026-05-20,737.5138549804688,711.6256713867188,222.9603729248047,299.13336181640625,82.29155731201172,417.3999938964844
2026-05-21,738.9764404296875,712.9827270507812,219.0093994140625,300.14373779296875,82.59556579589844,416.989990234375
2026-05-22,741.8817749023438,716.0062255859375,214.83892822265625,303.49188232421875,83.04669952392578,413.82000732421875
2026-05-26,746.8068237304688,728.7190551757812,214.37001037597656,303.8484802246094,83.45860290527344,414.0
2026-05-27,746.6774291992188,727.8908081054688,212.1151580810547,296.45880126953125,83.65474700927734,408.489990234375
2026-05-28,750.7965698242188,734.027587890625,213.7613983154297,293.932861328125,84.08625030517578,412.7699890136719
2026-05-29,752.6671142578125,736.7318115234375,210.6584930419922,296.488525390625,84.10588836669922,417.1199951171875
2026-06-01,754.7166748046875,741.1524047851562,223.8483428955078,293.78424072265625,84.15116882324219,411.260009765625
2026-06-02,755.7415771484375,744.5650024414062,222.3118438720703,298.1229553222656,84.3283920288086,411.95001220703125
2026-06-03,750.4384155273438,742.6192626953125,214.26025390625,298.0140075683594,83.9936294555664,407.8699951171875
2026-06-04,753.2740478515625,739.0269165039062,218.4156036376953,307.9593811035156,84.18070220947266,411.2699890136719
2026-06-05,733.83251953125,703.5529174804688,204.87075805664062,309.4254150390625,83.74748992919922,396.239990234375
2026-06-08,735.4940795898438,714.5393676757812,208.40679931640625,308.1772766113281,83.31427764892578,397.2699890136719
2026-06-09,733.3350830078125,706.3169555664062,207.95730590820312,309.7522888183594,83.80656433105469,390.7799987792969
2026-06-10,721.7736206054688,692.2072143554688,200.19598388671875,306.2258605957031,83.57027435302734,374.5799865722656
2026-06-11,734.04150390625,715.5870971679688,204.64100646972656,310.53485107421875,84.6532974243164,386.32000732421875
2026-06-12,738.0113525390625,719.798095703125,204.96066284179688,317.69671630859375,84.44652557373047,386.5400085449219
2026-06-15,751.0254516601562,742.40966796875,212.21253967285156,316.3891296386719,84.39730834960938,396.54998779296875
2026-06-16,746.5481567382812,728.2998657226562,207.1781768798828,328.0184631347656,84.86005401611328,397.6300048828125
2026-06-17,737.225341796875,720.965576171875,204.42124938964844,330.31658935546875,84.9979019165039,388.6000061035156
2026-06-18,744.8902587890625,739.0369262695312,210.4545135498047,322.1542663574219,85.41141510009766,387.1199951171875
2026-06-22,742.546142578125,737.1818237304688,208.41677856445312,328.3552551269531,84.76158905029297,384.5899963378906
2026-06-23,731.7628784179688,712.9071655273438,199.81640625,330.9902038574219,84.8698959350586,377.32000732421875
2026-06-24,731.4237060546875,709.8803100585938,198.77757263183594,330.30670166015625,86.03168487548828,365.9200134277344
2026-06-25,732.4810791015625,715.63427734375,195.52122497558594,331.9609375,86.00215911865234,369.4599914550781
2026-06-26,727.1842651367188,705.7846069335938,192.31480407714844,325.9481506347656,86.01200103759766,373.6300048828125
2026-06-29,739.1644897460938,723.3262939453125,194.7520751953125,326.28497314453125,86.1006088256836,368.5799865722656
2026-06-30,744.9202270507812,735.6334838867188,199.86634826660156,324.2443542480469,85.08650207519531,368.3800048828125
2026-07-01,743.9127197265625,724.4151000976562,197.35916137695312,330.9208679199219,84.51136779785156,370.6000061035156
2026-07-02,742.9351806640625,711.8582153320312,194.61224365234375,331.31707763671875,84.5014877319336,378.1300048828125
2026-07-06,749.4190673828125,722.067626953125,195.33143615722656,336.0434875488281,84.44219970703125,382.1300048828125
2026-07-07,745.85791015625,708.6915283203125,196.7098846435547,337.5360412597656,83.55281066894531,377.489990234375
2026-07-08,743.5536499023438,710.699462890625,203.891845703125,328.9787292480469,83.36505126953125,374.45001220703125
2026-07-09,749.8480224609375,722.5271606445312,202.5533447265625,333.8046569824219,83.4935073852539,378.17999267578125
2026-07-10,753.0799560546875,724.7548217773438,210.72421264648438,334.7997131347656,83.4737548828125,377.010009765625
2026-07-13,747.3142700195312,710.9990844726562,203.30250549316406,332.86932373046875,82.97965240478516,367.1300048828125
2026-07-14,749.9677124023438,718.9408569335938,211.5632781982422,341.1878356933594,83.0883560180664,372.1499938964844
2026-07-15,752.9403076171875,716.9928588867188,212.26248168945312,345.1878967285156,83.2464599609375,372.3500061035156
2026-07-16,748.8604125976562,705.2051391601562,207.16818237304688,341.446533203125,83.2168197631836,364.9599914550781
2026-07-17,741.4487915039062,694.606201171875,202.58331298828125,339.40673828125,83.52316284179688,368.4100036621094
2026-07-20,740.2518310546875,695.33544921875,203.05279541015625,337.1877746582031,82.90059661865234,367.6000061035156
2026-07-21,746.426513671875,708.2319946289062,207.0583038330078,343.5162353515625,82.67330932617188,374.80999755859375
2026-07-22,745.55859375,704.61572265625,211.82298278808594,346.4814147949219,82.45589447021484,379.1199951171875
2026-07-23,736.3515014648438,691.23974609375,208.5266571044922,348.16302490234375,82.18907928466797,371.5199890136719
2026-07-24,737.099609375,683.5177612304688,206.6088104248047,351.45660400390625,82.26814270019531,371.8999938964844
2026-07-27,737.25927734375,681.4099731445312,196.2903594970703,354.4317626953125,82.76223754882812,374.6300048828125
2026-07-28,739.0248413085938,674.786865234375,196.789794921875,355.5362548828125,83.2464599609375,369.3699951171875
2026-07-29,727.6531372070312,661.0411376953125,189.79762268066406,342.998779296875,81.87285614013672,371.0799865722656
2026-07-30,739.852783203125,682.8384399414062,194.82199096679688,349.10833740234375,81.82345581054688,377.1600036621094
2026-07-31,745.1796264648438,687.2738647460938,200.52561950683594,350.0436706542969,81.27993774414062,371.5400085449219
2026-08-03,755.793212890625,699.34130859375,206.40904235839844,350.8894348144531,81.5478286743164,371.7099914550781
2026-08-04,769.4193725585938,723.0964965820312,211.70310974121094,355.7452087402344,82.17289733886719,374.1600036621094
2026-08-05,767.8831787109375,716.5533447265625,218.9749755859375,357.4566650390625,82.35150146484375,389.6400146484375
2026-08-06,766.65625,713.9061279296875,218.7452392578125,354.53125,81.875244140625,389.6700134277344
2026-08-07,771.3446044921875,722.2774047851562,223.70968627929688,355.7452087402344,82.11337280273438,398.4700012207031
2026-08-10,771.1151733398438,720.11962890625,217.3068389892578,358.0039367675781,81.41883850097656,402.5400085449219
2026-08-11,768.6513061523438,717.7021484375,217.25689697265625,360.2427673339844,81.5478286743164,400.9599914550781
2026-08-12,770.5764770507812,722.9467163085938,223.8395233154297,363.3671875,81.46845245361328,404.9200134277344
2026-08-13,775.9531860351562,731.3079833984375,225.04818725585938,361.30743408203125,81.94469451904297,398.9599914550781
2026-08-14,774.4169921875,730.3090209960938,224.90834045410156,361.0387878417969,81.39900207519531,401.4800109863281
2026-08-17,770.7560424804688,729.1102294921875,224.7584991455078,359.1681213378906,80.71438598632812,405.489990234375
2026-08-18,765.5490112304688,716.7631225585938,219.49440002441406,361.44677734375,81.02196502685547,398.54998779296875
2026-08-19,767.1549682617188,715.3345947265625,217.31683349609375,355.48651123046875,82.371337890625,413.8399963378906
2026-08-20,760.7109985351562,710.18994140625,216.60763549804688,349.8048400878906,81.6966552734375,415.260009765625
2026-08-21,763.8232421875,712.6973876953125,214.48001098632812,349.8346862792969,81.40892028808594,423.3599853515625
2026-08-24,761.5787963867188,705.5847778320312,208.24697875976562,354.6208190917969,81.91493225097656,426.69000244140625
2026-08-25,764.0127563476562,709.9801635742188,212.81187438964844,354.9193420410156,82.81782531738281,428.07000732421875
2026-08-26,764.182373046875,710.6295166015625,209.4256591796875,354.73028564453125,82.64915466308594,421.32000732421875
2026-08-27,769.18994140625,720.359375,227.7251739501953,352.4615783691406,82.48047637939453,422.6000061035156
2026-08-28,767.4442749023438,715.6842651367188,217.3068389892578,355.8446960449219,82.23242950439453,408.8900146484375
2026-08-31,765.1499633789062,716.013916015625,220.53323364257812,354.2526550292969,81.875244140625,408.4200134277344
2026-09-01,759.89306640625,706.9033813476562,217.1969757080078,353.18798828125,81.54159545898438,396.75
2026-09-02,763.2646484375,708.501708984375,224.1591796875,354.45166015625,81.62126922607422,402.7799987792969
2026-09-03,771.2548217773438,716.9229125976562,228.1946563720703,360.2626647949219,81.74079132080078,410.2200012207031
2026-09-04,768.2822265625,718.2116088867188,230.10252380371094,356.8596496582031,81.8802261352539,406.7699890136719
2026-09-08,764.0626831054688,717.6122436523438,225.47769165039062,351.755126953125,81.8702621459961,399.7200012207031
2026-09-09,760.5115356445312,715.5643920898438,223.4199981689453,352.94915771484375,81.40216064453125,403.3500061035156
2026-09-10,755.9528198242188,707.9523315429688,218.36000061035156,351.80487060546875,80.45596313476562,396.3599853515625
2026-09-11,762.3967895507812,714.1358642578125,218.2899932861328,354.46160888671875,80.54560852050781,398.7699890136719
2026-09-14,758.9952392578125,708.4417724609375,210.9600067138672,348.39190673828125,80.60536193847656,392.8399963378906
2026-09-15,755.513916015625,703.8065795898438,212.1699981689453,350.74017333984375,80.38624572753906,394.1499938964844
2026-09-16,752.1821899414062,703.9863891601562,213.89999389648438,347.18792724609375,80.55555725097656,391.739990234375
2026-09-17,760.7109985351562,716.1737060546875,219.33999633789062,347.5759582519531,81.45195007324219,398.3599853515625
2026-09-18,761.6900024414062,720.6990356445312,222.27000427246094,347.9342041015625,80.92407989501953,401.1700134277344
2026-09-21,773.5,741.469970703125,227.3800048828125,350.29241943359375,81.47187805175781,398.3800048828125
2026-09-22,773.3800048828125,747.4600219726562,228.8699951171875,338.31219482421875,81.42207336425781,400.07000732421875
2026-09-23,767.8099975585938,741.2100219726562,225.50999450683594,335.85443115234375,80.13724517822266,392.8800048828125
2026-09-24,767.1799926757812,741.0999755859375,224.5800018310547,336.87933349609375,79.1014175415039,391.69000244140625
2026-09-25,771.3499755859375,744.5,225.07000732421875,341.35699462890625,79.00182342529297,393.4100036621094
2026-09-28,765.6099853515625,736.530029296875,228.86000061035156,334.9190979003906,78.30463409423828,377.9100036621094
2026-09-29,764.2000122070312,737.9299926757812,227.2100067138672,333.3171081542969,77.91619873046875,382.8900146484375
2026-09-30,762.6300048828125,739.77001953125,228.3800048828125,329.18768310546875,77.4679946899414,380.8399963378906
